metric,input_distribution,precision,threads,n,n_obs,min,q05,q25,median,q75,q95,max,mean,std
parallel_error_vs_serial_same_precision,alternating_sign,fp64,1.0,1000000,12,0.0,0.0,0.0,0.0,0.0,0.0,0.0,0.0,0.0
parallel_error_vs_serial_same_precision,alternating_sign,fp64,1.0,1919384,12,0.0,0.0,0.0,0.0,0.0,0.0,0.0,0.0,0.0
parallel_error_vs_serial_same_precision,alternating_sign,fp64,1.0,3684032,12,0.0,0.0,0.0,0.0,0.0,0.0,0.0,0.0,0.0
parallel_error_vs_serial_same_precision,alternating_sign,fp64,1.0,7071068,12,0.0,0.0,0.0,0.0,0.0,0.0,0.0,0.0,0.0
parallel_error_vs_serial_same_precision,alternating_sign,fp64,1.0,13572088,12,0.0,0.0,0.0,0.0,0.0,0.0,0.0,0.0,0.0
parallel_error_vs_serial_same_precision,alternating_sign,fp64,1.0,26050038,12,0.0,0.0,0.0,0.0,0.0,0.0,0.0,0.0,0.0
parallel_error_vs_serial_same_precision,alternating_sign,fp64,1.0,50000000,12,0.0,0.0,0.0,0.0,0.0,0.0,0.0,0.0,0.0
parallel_error_vs_serial_same_precision,alternating_sign,fp64,2.0,1000000,12,6.276838565562769e-16,3.376606121514258e-15,9.786352337441797e-15,2.9269421787017073e-14,4.412046390148747e-14,8.408077537473044e-14,8.467238998215356e-14,3.4347707318442375e-14,2.8237826739080366e-14
parallel_error_vs_serial_same_precision,alternating_sign,fp64,2.0,1919384,12,5.078466281944556e-16,6.6314616012344415e-15,2.4143765089791666e-14,3.547711853572035e-14,6.527611788317422e-14,7.059231867622916e-13,9.44068849160892e-13,1.5007954894272037e-13,2.858308369666445e-13
parallel_error_vs_serial_same_precision,alternating_sign,fp64,2.0,3684032,12,2.112700993695243e-15,4.569125410699714e-15,1.2519715949370378e-14,2.458998236510736e-14,4.352112000196865e-14,1.0801984905153622e-13,1.4461733994860786e-13,3.8325497014640604e-14,4.1614953094100046e-14
parallel_error_vs_serial_same_precision,alternating_sign,fp64,2.0,7071068,12,8.2838907382225e-15,8.346018557888897e-15,2.8201698934726218e-14,4.702425703451313e-14,7.630571202484295e-14,2.8814630017285523e-13,4.994542358199221e-13,8.680361266303866e-14,1.340900268752905e-13
parallel_error_vs_serial_same_precision,alternating_sign,fp64,2.0,13572088,12,6.8952376023013e-16,2.1771904077367665e-15,6.647792926955446e-14,1.207291108059518e-13,1.422665960479779e-13,4.806517507143583e-13,6.972013011205827e-13,1.5895915346932994e-13,1.875881197179529e-13
parallel_error_vs_serial_same_precision,alternating_sign,fp64,2.0,26050038,12,1.1784960423872405e-15,1.8834307918720566e-14,9.457348573180208e-14,1.761666174143278e-13,3.652243863287857e-13,1.9248579328772223e-12,3.5976084430536853e-12,4.863326885829113e-13,9.938259017638022e-13
parallel_error_vs_serial_same_precision,alternating_sign,fp64,2.0,50000000,12,7.132294906708567e-15,7.970451859869127e-15,5.5715724997203944e-14,3.534381283264115e-13,5.116148582779159e-13,3.334055997819316e-12,5.2923705172739524e-12,7.952768243425146e-13,1.493495460446919e-12
parallel_error_vs_serial_same_precision,alternating_sign,fp64,4.0,1000000,12,1.1403986885574529e-15,2.3689353929571073e-15,1.0487763860918163e-14,2.281153362862806e-14,4.9234722140320575e-14,1.4770587978996395e-13,2.161227720568834e-13,4.372867940909211e-14,6.066412291158684e-14
parallel_error_vs_serial_same_precision,alternating_sign,fp64,4.0,1919384,12,1.566084761679229e-14,1.9443657488457537e-14,3.371306301563251e-14,5.77544003844614e-14,1.2710835227329304e-13,4.3666754545270897e-13,7.503265470828691e-13,1.310540126396757e-13,2.0227241818581114e-13
parallel_error_vs_serial_same_precision,alternating_sign,fp64,4.0,3684032,12,9.850072328753693e-16,6.296563489927064e-15,2.724828209101222e-14,4.780292583486686e-14,9.169861908959178e-14,2.9030895277798017e-13,3.297073281988372e-13,9.121584689804086e-14,1.0665058640963674e-13
parallel_error_vs_serial_same_precision,alternating_sign,fp64,4.0,7071068,12,4.721706250889542e-16,7.541919238804286e-15,2.5705367430738435e-14,7.660036776616843e-14,9.800446444794689e-14,2.3920456351009e-13,2.777167130724901e-13,8.775063098842516e-14,8.1450831897547e-14
parallel_error_vs_serial_same_precision,alternating_sign,fp64,4.0,13572088,12,1.3272137561368768e-14,2.0080118036924407e-14,6.448691194559474e-14,8.903309687785499e-14,1.2814711001642516e-13,5.883267404244869e-13,8.084271936224109e-13,1.6842526948835093e-13,2.2539361963061967e-13
parallel_error_vs_serial_same_precision,alternating_sign,fp64,4.0,26050038,12,2.7105408974906528e-14,3.1775543347226195e-14,4.9699407448752846e-14,1.339445977139735e-13,4.947790436222078e-13,3.29482099133393e-12,5.93756521569999e-12,7.441723676795184e-13,1.671449312992433e-12
parallel_error_vs_serial_same_precision,alternating_sign,fp64,4.0,50000000,12,3.886464613755325e-15,1.0076176199724196e-14,1.2430237795025292e-13,3.4518440756981955e-13,5.508197949763225e-13,3.866226575293748e-12,4.270354673786456e-12,8.922507520152046e-13,1.4308784123312614e-12
parallel_error_vs_serial_same_precision,alternating_sign,fp64,8.0,1000000,12,1.5943169956529435e-14,1.658387319646093e-14,1.8475496703609446e-14,3.419031401979589e-14,6.084836171094975e-14,2.3092290416483146e-13,3.679572474511609e-13,6.714602108104268e-14,9.918047648712031e-14
parallel_error_vs_serial_same_precision,alternating_sign,fp64,8.0,1919384,12,1.0728710100759178e-14,1.3974963286122968e-14,2.4606859910701103e-14,6.757581988390293e-14,1.1530497305172659e-13,3.049655194480236e-13,4.784075266224862e-13,1.0463931412086587e-13,1.2720674189038482e-13
parallel_error_vs_serial_same_precision,alternating_sign,fp64,8.0,3684032,12,1.1574709818589696e-14,1.2260725675048211e-14,2.5428365126589995e-14,4.623929779261964e-14,6.904989769580786e-14,2.094076862392323e-13,3.3629575950802413e-13,7.019747689037826e-14,8.833026290819216e-14
parallel_error_vs_serial_same_precision,alternating_sign,fp64,8.0,7071068,12,1.0352281327820412e-15,3.7769491681882114e-15,4.5884487651470204e-14,6.182486009619676e-14,7.471410159367781e-14,4.666099481949321e-13,4.930527225710711e-13,1.1914038041950345e-13,1.6547225749960247e-13
parallel_error_vs_serial_same_precision,alternating_sign,fp64,8.0,13572088,12,3.539236683031671e-14,4.6813325446036173e-14,7.331971290615748e-14,9.57872094149032e-14,1.3805611936689925e-13,3.4535335930111275e-13,3.9245417777190076e-13,1.3472559460735875e-13,1.086816263086619e-13
parallel_error_vs_serial_same_precision,alternating_sign,fp64,8.0,26050038,12,1.1448247268904622e-14,1.8935242056027417e-14,5.3459267705565644e-14,1.4465472145834457e-13,6.69164137120579e-13,2.232275648010404e-12,3.40536552463345e-12,5.612397931112541e-13,9.745987458086294e-13
parallel_error_vs_serial_same_precision,alternating_sign,fp64,8.0,50000000,12,4.226323959418153e-15,8.026860442850175e-15,6.793354622794629e-14,2.017865276242749e-13,4.415767131739324e-13,3.2222947660752716e-12,3.2774182838373168e-12,7.018184026937098e-13,1.1936247996234966e-12
parallel_error_vs_serial_same_precision,alternating_sign,fp64,16.0,1000000,12,6.266189033865271e-15,9.517171814694847e-15,1.7988919450315413e-14,2.7845212660669317e-14,5.031582859235834e-14,2.6778391177486566e-13,4.623052596181252e-13,7.064827590516983e-14,1.2645647913634418e-13
parallel_error_vs_serial_same_precision,alternating_sign,fp64,16.0,1919384,12,1.0498637933434988e-14,1.3532267429106988e-14,2.7639043569310835e-14,6.536582591229526e-14,1.264310583506252e-13,2.6144697156311073e-13,2.9996066944535996e-13,9.56827233739194e-14,9.20836952320684e-14
parallel_error_vs_serial_same_precision,alternating_sign,fp64,16.0,3684032,12,4.763197793671097e-15,7.560978787966525e-15,2.8143478006106622e-14,5.691939848424798e-14,9.697220533852232e-14,1.9637128659524865e-13,2.681060875628173e-13,7.514403125191435e-14,7.322360222716057e-14
parallel_error_vs_serial_same_precision,alternating_sign,fp64,16.0,7071068,12,7.200602032606552e-15,7.605482874570555e-15,3.7317397175844524e-14,5.400624917926429e-14,8.005677073977252e-14,4.355577141947671e-13,4.940061394379213e-13,1.1251376687985283e-13,1.569402943255055e-13
parallel_error_vs_serial_same_precision,alternating_sign,fp64,16.0,13572088,12,2.75809504092052e-15,2.2749046680697488e-14,5.0926144898727075e-14,8.002867626957419e-14,1.305162302084572e-13,6.8975644465667e-13,1.128773681865601e-12,1.8586624282672964e-13,3.08787134955147e-13
parallel_error_vs_serial_same_precision,alternating_sign,fp64,16.0,26050038,12,5.6804854144326246e-15,1.8733435517711646e-14,8.127584150249876e-14,1.1148297795844326e-13,5.050157253681073e-13,1.1072466862219483e-12,1.4792876266724854e-12,3.4670476607376053e-13,4.532141428578003e-13
parallel_error_vs_serial_same_precision,alternating_sign,fp64,16.0,50000000,12,1.996229551610689e-14,2.7770999302288297e-14,9.983800512550458e-14,4.032848161755942e-13,6.999277993163683e-13,8.376272155696605e-12,1.4079967890569967e-11,1.7682785219743355e-12,4.008429115280689e-12
parallel_error_vs_serial_same_precision,alternating_sign,fp64,22.0,1000000,12,3.766103139337662e-15,8.674569516148496e-15,1.5312169689131047e-14,4.2060712852746746e-14,7.748693104965025e-14,2.0164907787627973e-13,3.297792146208079e-13,6.609804781705021e-14,8.892452003509946e-14
parallel_error_vs_serial_same_precision,alternating_sign,fp64,22.0,1919384,12,4.296338726730629e-15,5.583645400762692e-15,3.367495757464896e-14,4.966593074375556e-14,1.153293401255292e-13,3.8583311324924107e-13,5.599832327606011e-13,1.1116109739466965e-13,1.570195171332882e-13
parallel_error_vs_serial_same_precision,alternating_sign,fp64,22.0,3684032,12,4.724315325692414e-15,9.439620600661202e-15,3.0499194152608136e-14,5.4404220810191563e-14,9.398062555789671e-14,2.58768106242803e-13,2.898261498139935e-13,8.440378540919733e-14,8.945694883127854e-14
parallel_error_vs_serial_same_precision,alternating_sign,fp64,22.0,7071068,12,1.2997864333818962e-14,1.4165119209383838e-14,2.5052925618363983e-14,5.564885724235544e-14,8.585762409514198e-14,2.7100638598858906e-13,4.495837794045264e-13,8.745676593074044e-14,1.192141150563102e-13
parallel_error_vs_serial_same_precision,alternating_sign,fp64,22.0,13572088,12,4.040609234948562e-14,4.1242035259945984e-14,8.200177283862547e-14,1.095501162796131e-13,2.354799737126864e-13,5.845573748482555e-13,8.969701670809323e-13,2.027537044987081e-13,2.371803183660665e-13
parallel_error_vs_serial_same_precision,alternating_sign,fp64,22.0,26050038,12,4.4552826779863714e-15,1.4042260090028144e-14,6.55836106965224e-14,1.0952404466090967e-13,7.264811193250205e-13,1.385941494593008e-12,1.460407873428723e-12,4.191072545735869e-13,5.346387009006504e-13
parallel_error_vs_serial_same_precision,alternating_sign,fp64,22.0,50000000,12,2.502559616388971e-15,2.2307383972341558e-14,1.0641542575765294e-13,2.8903895999127304e-13,6.850826010936484e-13,6.022797671410627e-12,1.0973774842709206e-11,1.3314727571505438e-12,3.089581115495622e-12
parallel_error_vs_serial_same_precision,alternating_sign,mixed_fp32_fp64,1.0,1000000,12,0.0,0.0,0.0,0.0,0.0,0.0,0.0,0.0,0.0
parallel_error_vs_serial_same_precision,alternating_sign,mixed_fp32_fp64,1.0,1919384,12,0.0,0.0,0.0,0.0,0.0,0.0,0.0,0.0,0.0
parallel_error_vs_serial_same_precision,alternating_sign,mixed_fp32_fp64,1.0,3684032,12,0.0,0.0,0.0,0.0,0.0,0.0,0.0,0.0,0.0
parallel_error_vs_serial_same_precision,alternating_sign,mixed_fp32_fp64,1.0,7071068,12,0.0,0.0,0.0,0.0,0.0,0.0,0.0,0.0,0.0
parallel_error_vs_serial_same_precision,alternating_sign,mixed_fp32_fp64,1.0,13572088,12,0.0,0.0,0.0,0.0,0.0,0.0,0.0,0.0,0.0
parallel_error_vs_serial_same_precision,alternating_sign,mixed_fp32_fp64,1.0,26050038,12,0.0,0.0,0.0,0.0,0.0,0.0,0.0,0.0,0.0
parallel_error_vs_serial_same_precision,alternating_sign,mixed_fp32_fp64,1.0,50000000,12,0.0,0.0,0.0,0.0,0.0,0.0,0.0,0.0,0.0
parallel_error_vs_serial_same_precision,alternating_sign,mixed_fp32_fp64,2.0,1000000,12,0.0,0.0,0.0,5.981847717567634e-17,1.8564446263896542e-16,5.330345828283989e-16,8.776536723314988e-16,1.4666220528425915e-16,2.483708370030971e-16
parallel_error_vs_serial_same_precision,alternating_sign,mixed_fp32_fp64,2.0,1919384,12,0.0,0.0,1.616095234487785e-16,3.962857532137677e-16,6.110832889497111e-16,2.223788117492343e-15,3.901346148528854e-15,6.578670193926148e-16,1.0567593234930873e-15
parallel_error_vs_serial_same_precision,alternating_sign,mixed_fp32_fp64,2.0,3684032,12,0.0,0.0,0.0,2.307342676179905e-16,4.647657045657883e-16,1.4734117193265712e-15,1.5177228864625633e-15,3.996592987545351e-16,5.317541548678898e-16
parallel_error_vs_serial_same_precision,alternating_sign,mixed_fp32_fp64,2.0,7071068,12,0.0,0.0,1.5930914440951338e-16,2.4733631455714884e-16,4.963714731384249e-16,9.750655184513212e-16,1.1893752751666761e-15,3.620039475722011e-16,3.478446570746902e-16
parallel_error_vs_serial_same_precision,alternating_sign,mixed_fp32_fp64,2.0,13572088,12,0.0,9.400208325168027e-17,3.103268425161423e-16,5.282462264046834e-16,1.3533459733456697e-15,2.312532697263874e-15,2.32153882476094e-15,9.13845832941214e-16,8.224395621670603e-16
parallel_error_vs_serial_same_precision,alternating_sign,mixed_fp32_fp64,2.0,26050038,12,1.6712002413946427e-16,4.455884639982874e-16,9.136706463486729e-16,1.0757717149801576e-15,1.5421688876725288e-15,6.3446232978599485e-15,1.1827402902055252e-14,2.000981596529769e-15,3.1284247013578142e-15
parallel_error_vs_serial_same_precision,alternating_sign,mixed_fp32_fp64,2.0,50000000,12,1.7665748811992815e-16,4.2691498983482767e-16,9.24641232055237e-16,2.2087054448779695e-15,8.059500170906531e-15,2.281552046671844e-14,4.0244822294238223e-14,6.704538559356088e-15,1.1082408262786505e-14
parallel_error_vs_serial_same_precision,alternating_sign,mixed_fp32_fp64,4.0,1000000,12,0.0,0.0,0.0,0.0,1.966400910533912e-16,6.600520413054013e-16,8.776536723314988e-16,1.6643040227426348e-16,2.7598882343655804e-16
parallel_error_vs_serial_same_precision,alternating_sign,mixed_fp32_fp64,4.0,1919384,12,0.0,0.0,1.2812259440207284e-16,3.179775607189074e-16,5.834410926820642e-16,9.255502814359976e-16,1.1349875167378444e-15,3.901469839707679e-16,3.4675899088864937e-16
parallel_error_vs_serial_same_precision,alternating_sign,mixed_fp32_fp64,4.0,3684032,12,0.0,0.0,9.92332957486682e-17,2.06831984224235e-16,3.6709218380944325e-16,1.6619596551129713e-15,1.916209504044649e-15,4.322870606577691e-16,6.157123272319476e-16
parallel_error_vs_serial_same_precision,alternating_sign,mixed_fp32_fp64,4.0,7071068,12,0.0,0.0,0.0,2.9510993798797416e-16,1.0832712499625123e-15,2.1191954644500873e-15,2.3787505503333523e-15,6.530678436792581e-16,8.175769900973984e-16
parallel_error_vs_serial_same_precision,alternating_sign,mixed_fp32_fp64,4.0,13572088,12,1.2122758595659723e-16,1.2145450918486607e-16,2.47086205974822e-16,4.464053198339642e-16,1.2050622393349724e-15,2.9891548625825566e-15,3.543401364108804e-15,9.245083419611301e-16,1.0787722305043753e-15
parallel_error_vs_serial_same_precision,alternating_sign,mixed_fp32_fp64,4.0,26050038,12,0.0,1.2252027529088207e-16,3.651974557725089e-16,1.3513243434741589e-15,2.4264748910410385e-15,1.315850214244858e-14,2.12142306020991e-14,3.2056190865076492e-15,5.950966167331692e-15
parallel_error_vs_serial_same_precision,alternating_sign,mixed_fp32_fp64,4.0,50000000,12,0.0,1.4079442304898268e-16,1.252050561140527e-15,3.5621709024420695e-15,1.1139454301094277e-14,3.759386554752923e-14,5.001491370736444e-14,1.0205315201566071e-14,1.493669831092932e-14
parallel_error_vs_serial_same_precision,alternating_sign,mixed_fp32_fp64,8.0,1000000,12,0.0,0.0,9.812309539324004e-17,1.630328264646236e-16,3.6519834375435693e-16,9.165224286561505e-16,9.640286863862805e-16,2.857216732504343e-16,3.2318913913763357e-16
parallel_error_vs_serial_same_precision,alternating_sign,mixed_fp32_fp64,8.0,1919384,12,0.0,0.0,1.2812259440207284e-16,2.7863214618704073e-16,4.583124667122833e-16,3.9302083668903875e-15,3.9654844115544834e-15,8.361407239552843e-16,1.4558883132315091e-15
parallel_error_vs_serial_same_precision,alternating_sign,mixed_fp32_fp64,8.0,3684032,12,0.0,7.277108354902336e-17,1.861653551910745e-16,5.408383683108291e-16,7.315942880332295e-16,1.557667073000842e-15,2.3952618800558118e-15,6.031450353854422e-16,6.386538043087242e-16
parallel_error_vs_serial_same_precision,alternating_sign,mixed_fp32_fp64,8.0,7071068,12,0.0,0.0,1.1879863102890578e-16,2.3794975379573726e-16,6.085371956613438e-16,1.3411255614837688e-15,1.8900183566167016e-15,4.512447724736712e-16,5.391378168769348e-16
parallel_error_vs_serial_same_precision,alternating_sign,mixed_fp32_fp64,8.0,13572088,12,0.0,6.690209550439731e-17,2.841026860975976e-16,5.413939462059529e-16,1.7707831265131314e-15,3.237123771885462e-15,4.032146379847949e-15,1.1297206019944615e-15,1.25446660663199e-15
parallel_error_vs_serial_same_precision,alternating_sign,mixed_fp32_fp64,8.0,26050038,12,1.6712002413946427e-16,2.7283659722890024e-16,5.759466446159277e-16,9.10846113334667e-16,2.178949722950412e-15,1.5657450121674182e-14,2.7221800330127163e-14,3.660593846211404e-15,7.59726500216752e-15
parallel_error_vs_serial_same_precision,alternating_sign,mixed_fp32_fp64,8.0,50000000,12,0.0,1.056580978315269e-16,9.914492776518878e-16,3.392543716611496e-15,1.2815970592374185e-14,2.40822966099703e-14,2.743965156425333e-14,8.24921212375061e-15,9.395831292748774e-15
parallel_error_vs_serial_same_precision,alternating_sign,mixed_fp32_fp64,16.0,1000000,12,0.0,0.0,1.3473478470888543e-16,2.480364636228828e-16,3.9571534568723817e-16,7.9260598568351485e-16,8.776536723314988e-16,3.1006512637659775e-16,2.6904675492298715e-16
parallel_error_vs_serial_same_precision,alternating_sign,mixed_fp32_fp64,16.0,1919384,12,0.0,0.0,1.1312888151926394e-16,2.3300434226507682e-16,6.230830334002281e-16,1.0696739330412974e-15,1.1849751947079557e-15,3.825893764632546e-16,4.0383694810042277e-16
parallel_error_vs_serial_same_precision,alternating_sign,mixed_fp32_fp64,16.0,3684032,12,0.0,0.0,2.2027614195986364e-16,4.403912843154428e-16,6.597219849978857e-16,1.4858092165991675e-15,2.235577754718757e-15,5.619875374461515e-16,6.009223666018555e-16
parallel_error_vs_serial_same_precision,alternating_sign,mixed_fp32_fp64,16.0,7071068,12,0.0,0.0,1.3268576207371975e-16,2.1169211177288024e-16,4.544584627691028e-16,1.4998282820384226e-15,2.0011959070059197e-15,4.414737286748287e-16,5.885542899858865e-16
parallel_error_vs_serial_same_precision,alternating_sign,mixed_fp32_fp64,16.0,13572088,12,1.3790475215679878e-16,1.560592217222397e-16,3.3430418367810575e-16,6.055009629784497e-16,1.6804837335972311e-15,2.52405975731107e-15,2.932470094434872e-15,1.00722191002362e-15,9.253456037620228e-16
parallel_error_vs_serial_same_precision,alternating_sign,mixed_fp32_fp64,16.0,26050038,12,0.0,1.1316163478247575e-16,4.878084841822939e-16,1.4806187913349483e-15,2.672533630451833e-15,2.1671961671840248e-14,4.073883221819031e-14,4.971820706200176e-15,1.1404206646996974e-14
parallel_error_vs_serial_same_precision,alternating_sign,mixed_fp32_fp64,16.0,50000000,12,0.0,8.6854780045215e-17,1.5168478303342603e-15,2.8303339441829654e-15,1.1428605165950593e-14,1.863649064154488e-14,2.3773697809672516e-14,6.339432668395872e-15,7.441506187690227e-15
parallel_error_vs_serial_same_precision,alternating_sign,mixed_fp32_fp64,22.0,1000000,12,0.0,0.0,8.972771576351451e-17,1.334334544251414e-16,3.957773146124025e-16,7.117943008797585e-16,8.776536723314988e-16,2.6191825110255844e-16,2.7292941101766083e-16
parallel_error_vs_serial_same_precision,alternating_sign,mixed_fp32_fp64,22.0,1919384,12,0.0,0.0,1.1312888151926394e-16,2.7863214618704073e-16,5.834410926820642e-16,1.3433288527685455e-15,1.950673074264427e-15,4.459403613298092e-16,5.469554333244364e-16
parallel_error_vs_serial_same_precision,alternating_sign,mixed_fp32_fp64,22.0,3684032,12,0.0,7.277108354902336e-17,1.861653551910745e-16,2.2300989699004715e-16,3.6534608854448815e-16,1.4139513601974933e-15,2.075893629381703e-15,4.3405860203149147e-16,5.663634072653933e-16
parallel_error_vs_serial_same_precision,alternating_sign,mixed_fp32_fp64,22.0,7071068,12,0.0,0.0,1.2489151655791082e-16,2.4733631455714884e-16,5.9596344794647525e-16,2.142461967925841e-15,2.1792368141300344e-15,5.780723782465754e-16,7.60910531931163e-16
parallel_error_vs_serial_same_precision,alternating_sign,mixed_fp32_fp64,22.0,13572088,12,0.0,0.0,2.267972383566899e-16,7.273703660195751e-16,1.4766064227508745e-15,2.8073870256997577e-15,3.421215110174017e-15,1.0236358101237214e-15,1.0700257349790478e-15
parallel_error_vs_serial_same_precision,alternating_sign,mixed_fp32_fp64,22.0,26050038,12,0.0,0.0,1.253400181045982e-16,1.1209309821535663e-15,2.6608281006668744e-15,2.0557374181097065e-14,3.8110520462178025e-14,4.664084640247015e-15,1.0710484970066181e-14
parallel_error_vs_serial_same_precision,alternating_sign,mixed_fp32_fp64,22.0,50000000,12,0.0,1.056580978315269e-16,1.5758626134147004e-15,2.952278124533137e-15,1.421718481322566e-14,2.5461874739488862e-14,2.6821607785271554e-14,8.886833442274028e-15,1.0365431905497382e-14
parallel_error_vs_serial_same_precision,ill_scaled,fp64,1.0,1000000,12,0.0,0.0,0.0,0.0,0.0,0.0,0.0,0.0,0.0
parallel_error_vs_serial_same_precision,ill_scaled,fp64,1.0,1919384,12,0.0,0.0,0.0,0.0,0.0,0.0,0.0,0.0,0.0
parallel_error_vs_serial_same_precision,ill_scaled,fp64,1.0,3684032,12,0.0,0.0,0.0,0.0,0.0,0.0,0.0,0.0,0.0
parallel_error_vs_serial_same_precision,ill_scaled,fp64,1.0,7071068,12,0.0,0.0,0.0,0.0,0.0,0.0,0.0,0.0,0.0
parallel_error_vs_serial_same_precision,ill_scaled,fp64,1.0,13572088,12,0.0,0.0,0.0,0.0,0.0,0.0,0.0,0.0,0.0
parallel_error_vs_serial_same_precision,ill_scaled,fp64,1.0,26050038,12,0.0,0.0,0.0,0.0,0.0,0.0,0.0,0.0,0.0
parallel_error_vs_serial_same_precision,ill_scaled,fp64,1.0,50000000,12,0.0,0.0,0.0,0.0,0.0,0.0,0.0,0.0,0.0
parallel_error_vs_serial_same_precision,ill_scaled,fp64,2.0,1000000,12,2.0316855835578239e-16,4.0031595745966663e-16,7.278098760278054e-15,1.7957548942249357e-14,3.598405769169267e-14,1.1800465086094747e-12,2.4170398006101574e-12,2.304072436509379e-13,6.901863059189646e-13
parallel_error_vs_serial_same_precision,ill_scaled,fp64,2.0,1919384,12,5.392175091637355e-16,5.6531802271413235e-15,1.5045649216792486e-14,2.474264623954624e-14,5.5977077800439964e-14,2.8681211910462347e-13,4.9889014650608e-13,7.425558967644002e-14,1.3728879782669901e-13
parallel_error_vs_serial_same_precision,ill_scaled,fp64,2.0,3684032,12,7.823237916885974e-15,9.466334455823359e-15,1.5852739076240386e-14,2.3228536812732945e-14,6.179894975823486e-14,2.3702078329081177e-13,4.184246974823826e-13,6.580178224099066e-14,1.1413464765463123e-13
parallel_error_vs_serial_same_precision,ill_scaled,fp64,2.0,7071068,12,6.337369539324155e-15,8.213978678245372e-15,1.9087249862423615e-14,5.5524991537631064e-14,1.0625338780134533e-13,1.775291193480372e-13,2.0155789366290867e-13,7.065812057578712e-14,6.375789910484828e-14
parallel_error_vs_serial_same_precision,ill_scaled,fp64,2.0,13572088,12,9.784939663859984e-15,1.4059132362538047e-14,4.682363321382184e-14,9.580216656405468e-14,2.337173246155202e-13,3.634345617409226e-13,4.3791973355775173e-13,1.4283545993845152e-13,1.3357421393819232e-13
parallel_error_vs_serial_same_precision,ill_scaled,fp64,2.0,26050038,12,9.333456195078159e-15,9.386085577813689e-15,3.401855307136364e-14,8.44179765784417e-14,1.404348278406992e-13,4.272789658363953e-13,6.722472024218626e-13,1.3651942454569662e-13,1.8252080592298563e-13
parallel_error_vs_serial_same_precision,ill_scaled,fp64,2.0,50000000,12,1.739082249346638e-14,1.9372569668277103e-14,3.4213664697263006e-14,1.3584624053591554e-13,2.707206085236327e-13,5.2427685784116e-13,5.442854636170629e-13,1.8935661557215826e-13,1.8272236775012477e-13
parallel_error_vs_serial_same_precision,ill_scaled,fp64,4.0,1000000,12,2.9313052857316755e-15,3.5236818038217717e-15,1.4770738755445066e-14,2.479721205278274e-14,3.2500044309502425e-14,1.0953234867040941e-12,2.089809796835244e-12,2.137429227458331e-13,5.956948037187133e-13
parallel_error_vs_serial_same_precision,ill_scaled,fp64,4.0,1919384,12,1.2969698691575128e-15,6.4408866344119604e-15,1.6933114070125053e-14,7.278677760845599e-14,1.289082068054076e-13,9.25797167667721e-13,1.82849575636293e-12,2.179618034535637e-13,5.106275463286307e-13
parallel_error_vs_serial_same_precision,ill_scaled,fp64,4.0,3684032,12,4.647196970240988e-15,8.799082445256261e-15,2.6572180301411338e-14,3.7544554163261716e-14,5.1655590097296693e-14,8.15801626744637e-14,9.277438611108696e-14,4.091394327837712e-14,2.5310399714325568e-14
parallel_error_vs_serial_same_precision,ill_scaled,fp64,4.0,7071068,12,2.577299703600461e-15,5.884645934271884e-15,2.3490914594737505e-14,7.057348177289947e-14,1.5654135061952597e-13,2.642692521883284e-13,2.759030183746372e-13,1.0422694876678765e-13,9.871268627740121e-14
parallel_error_vs_serial_same_precision,ill_scaled,fp64,4.0,13572088,12,2.0312957654878246e-14,2.0470761081796245e-14,5.132861647481079e-14,1.1672170651077384e-13,4.001928589028245e-13,6.294085326077847e-13,6.813652405910634e-13,2.444925656541466e-13,2.452980492230064e-13
parallel_error_vs_serial_same_precision,ill_scaled,fp64,4.0,26050038,12,1.8479118956209244e-16,5.904491382113075e-15,2.898895427771617e-14,5.560710229459082e-14,1.5771396559156866e-13,9.690817572168887e-13,1.7495646567471694e-12,2.277702026498562e-13,4.891333961065556e-13
parallel_error_vs_serial_same_precision,ill_scaled,fp64,4.0,50000000,12,1.5817213845434356e-15,6.875629137327463e-15,2.7726228793482917e-14,6.428075387199896e-14,2.0251095519305923e-13,3.505578107003386e-13,4.2177614979817484e-13,1.285482857200352e-13,1.31342466359526e-13
parallel_error_vs_serial_same_precision,ill_scaled,fp64,8.0,1000000,12,1.4040459372707478e-16,6.347435848326511e-16,1.7310987283895423e-14,2.574692226221898e-14,5.2258469991033486e-14,3.24385548009722e-13,4.072613530706458e-13,7.645277609540218e-14,1.2487842273711947e-13
parallel_error_vs_serial_same_precision,ill_scaled,fp64,8.0,1919384,12,3.639718186855216e-15,7.463429513050675e-15,1.1444037331799064e-14,7.787229985219663e-14,1.133701483311268e-13,1.7297254286731798e-12,3.4853179981082945e-12,3.6065858273595367e-13,9.873497481092464e-13
parallel_error_vs_serial_same_precision,ill_scaled,fp64,8.0,3684032,12,2.012875776923208e-15,3.035660628531743e-15,9.886261292132231e-15,2.2317354145401463e-14,8.636735113269354e-14,3.25204309372938e-13,5.530901173617701e-13,8.427158643115499e-14,1.553607004884718e-13
parallel_error_vs_serial_same_precision,ill_scaled,fp64,8.0,7071068,12,3.23909998676568e-15,5.8225862567086046e-15,3.3340671838702594e-14,6.529186383912193e-14,1.1400206348960144e-13,1.7886541705888723e-13,1.983806249152042e-13,7.694725890606471e-14,6.198207211784702e-14
parallel_error_vs_serial_same_precision,ill_scaled,fp64,8.0,13572088,12,3.227313432992416e-14,3.7135055356268064e-14,7.030627146036188e-14,1.5112256203139181e-13,3.6810240149028834e-13,4.875828987381312e-13,5.564209627250784e-13,2.2407811392843877e-13,1.8210616649606307e-13
parallel_error_vs_serial_same_precision,ill_scaled,fp64,8.0,26050038,12,8.518190066590376e-15,1.1455822099401982e-14,5.339935895187591e-14,9.293760923243462e-14,1.4510692781025484e-13,1.5531687313575204e-12,3.112805885042031e-12,3.509776634947451e-13,8.7361549830171e-13
parallel_error_vs_serial_same_precision,ill_scaled,fp64,8.0,50000000,12,3.934183816789289e-15,9.356665196672615e-15,5.607192474846084e-14,1.0620223198334713e-13,2.185175100380942e-13,3.8361893086923693e-13,3.9959114191893925e-13,1.5075506270416822e-13,1.360524548328932e-13
parallel_error_vs_serial_same_precision,ill_scaled,fp64,16.0,1000000,12,3.1176082781207323e-15,3.6423769951011726e-15,1.1105913757606334e-14,3.384726365900834e-14,5.798236712612283e-14,2.561862502992441e-13,3.193354144480391e-13,6.697267547058553e-14,9.634025228431618e-14
parallel_error_vs_serial_same_precision,ill_scaled,fp64,16.0,1919384,12,5.257370714346422e-15,8.267677461600981e-15,2.141365641639331e-14,6.363351197122941e-14,1.1511374272472262e-13,1.5692204802513193e-12,2.994493050275523e-12,3.2994022342301084e-13,8.462199232589007e-13
parallel_error_vs_serial_same_precision,ill_scaled,fp64,16.0,3684032,12,1.4172532458126767e-14,1.6317016741099777e-14,2.4487501857884304e-14,2.931638182182663e-14,7.022431605711748e-14,4.846917589126927e-13,7.781737477316034e-13,1.1428671438072332e-13,2.1841869348577955e-13
parallel_error_vs_serial_same_precision,ill_scaled,fp64,16.0,7071068,12,1.4646365157549158e-14,1.7249563915774453e-14,4.3368118435986497e-14,5.887857152446984e-14,1.173351631843285e-13,1.7408450824410413e-13,1.9462183412733721e-13,8.19984238713316e-14,5.730650407868627e-14
parallel_error_vs_serial_same_precision,ill_scaled,fp64,16.0,13572088,12,1.461212991793279e-14,1.7018158111400223e-14,4.060270397344654e-14,9.383424342335417e-14,2.1411009934690316e-13,5.245080872894094e-13,6.900690770139665e-13,1.7315615176548077e-13,1.978566350684366e-13
parallel_error_vs_serial_same_precision,ill_scaled,fp64,16.0,26050038,12,5.936869692288538e-15,9.277876388374647e-15,3.034232401534068e-14,1.2263708356544742e-13,2.2157671792873983e-13,9.230145635398494e-13,1.538489311223263e-12,2.499141998053471e-13,4.2440040457871375e-13
parallel_error_vs_serial_same_precision,ill_scaled,fp64,16.0,50000000,12,8.126709358041452e-15,1.548579855359845e-14,4.4388823079031334e-14,6.472203430640923e-14,2.8857622296346337e-13,3.307642741725537e-13,3.640951293121621e-13,1.4801935382897e-13,1.3427588915405268e-13
parallel_error_vs_serial_same_precision,ill_scaled,fp64,22.0,1000000,12,2.9691507410673636e-16,3.485741709683542e-16,7.423698772230062e-15,2.1097242810611174e-14,5.354037111303367e-14,2.5716996992711445e-13,4.759709145816926e-13,6.412237492006874e-14,1.3242961941637578e-13
parallel_error_vs_serial_same_precision,ill_scaled,fp64,22.0,1919384,12,8.761373404460386e-15,9.13258655770813e-15,1.847111033639926e-14,5.392888126428346e-14,1.3520790611911592e-13,2.0977061117756795e-12,4.284924838004875e-12,4.3225092230515404e-13,1.216676945193743e-12
parallel_error_vs_serial_same_precision,ill_scaled,fp64,22.0,3684032,12,3.565007898302336e-15,4.535133266576667e-15,1.3800067177868476e-14,5.056033836290524e-14,1.0265910021981653e-13,7.330285379228625e-13,1.2076602475612214e-12,1.6752158302730607e-13,3.409426279458273e-13
parallel_error_vs_serial_same_precision,ill_scaled,fp64,22.0,7071068,12,3.374787515380805e-15,3.377616113456448e-15,4.402925971378217e-14,6.686602849592871e-14,1.1356103968800292e-13,1.8334459722496794e-13,1.9921591175695245e-13,8.280404246954291e-14,6.423281173232868e-14
parallel_error_vs_serial_same_precision,ill_scaled,fp64,22.0,13572088,12,5.149968244136833e-16,5.49003289491892e-16,3.0661843760466136e-14,8.515728658340675e-14,1.2493335160517765e-13,4.938007067094021e-13,6.289080755597294e-13,1.3820073539604415e-13,1.8583224511650218e-13
parallel_error_vs_serial_same_precision,ill_scaled,fp64,22.0,26050038,12,2.2174942747451093e-15,4.869490983189185e-15,2.251405428906853e-14,5.58603898445569e-14,1.3730679603786037e-13,1.300470979260331e-12,2.5433190482041755e-12,2.818721016333588e-13,7.167679044613328e-13
parallel_error_vs_serial_same_precision,ill_scaled,fp64,22.0,50000000,12,5.0791933487759086e-15,1.3905640178398614e-14,4.921737772121503e-14,8.446247520447988e-14,1.9048741836213504e-13,2.7625505552897427e-13,3.677282095233212e-13,1.2187929868114226e-13,1.0545226842116349e-13
parallel_error_vs_serial_same_precision,ill_scaled,mixed_fp32_fp64,1.0,1000000,12,0.0,0.0,0.0,0.0,0.0,0.0,0.0,0.0,0.0
parallel_error_vs_serial_same_precision,ill_scaled,mixed_fp32_fp64,1.0,1919384,12,0.0,0.0,0.0,0.0,0.0,0.0,0.0,0.0,0.0
parallel_error_vs_serial_same_precision,ill_scaled,mixed_fp32_fp64,1.0,3684032,12,0.0,0.0,0.0,0.0,0.0,0.0,0.0,0.0,0.0
parallel_error_vs_serial_same_precision,ill_scaled,mixed_fp32_fp64,1.0,7071068,12,0.0,0.0,0.0,0.0,0.0,0.0,0.0,0.0,0.0
parallel_error_vs_serial_same_precision,ill_scaled,mixed_fp32_fp64,1.0,13572088,12,0.0,0.0,0.0,0.0,0.0,0.0,0.0,0.0,0.0
parallel_error_vs_serial_same_precision,ill_scaled,mixed_fp32_fp64,1.0,26050038,12,0.0,0.0,0.0,0.0,0.0,0.0,0.0,0.0,0.0
parallel_error_vs_serial_same_precision,ill_scaled,mixed_fp32_fp64,1.0,50000000,12,0.0,0.0,0.0,0.0,0.0,0.0,0.0,0.0,0.0
parallel_error_vs_serial_same_precision,ill_scaled,mixed_fp32_fp64,2.0,1000000,12,2.8796962156727214e-15,3.552968279464094e-15,5.901450498546867e-15,1.9666853607663293e-14,4.445729543099169e-14,8.763870243368871e-13,1.8692668571407788e-12,1.781003231274485e-13,5.329857625185497e-13
parallel_error_vs_serial_same_precision,ill_scaled,mixed_fp32_fp64,2.0,1919384,12,3.765046573434976e-15,8.476525023604051e-15,1.3548770335144915e-14,2.7132538578879547e-14,1.1376748253411698e-13,3.328441248949251e-13,5.560674241297291e-13,9.396640369615932e-14,1.5385378489583428e-13
parallel_error_vs_serial_same_precision,ill_scaled,mixed_fp32_fp64,2.0,3684032,12,2.626848319656005e-15,2.678701114860164e-15,7.41042662300367e-15,3.321058259982954e-14,4.939129747832308e-14,3.311347382839503e-13,6.675581334554857e-13,8.145618769001962e-14,1.8560569861658954e-13
parallel_error_vs_serial_same_precision,ill_scaled,mixed_fp32_fp64,2.0,7071068,12,2.9045984513954348e-15,5.4273541944067e-15,1.2400714350540267e-14,6.23422839752182e-14,1.1826477781458e-13,1.5832825309541208e-13,1.8161777983914738e-13,7.287398280281187e-14,6.02384664631738e-14
parallel_error_vs_serial_same_precision,ill_scaled,mixed_fp32_fp64,2.0,13572088,12,3.865532957877298e-15,4.5719722282377696e-15,1.0300086015172693e-14,6.705008535422356e-14,1.5874776227866393e-13,2.358763049085135e-13,2.5438192933656653e-13,9.24074617075146e-14,8.843816702367926e-14
parallel_error_vs_serial_same_precision,ill_scaled,mixed_fp32_fp64,2.0,26050038,12,9.679046077388187e-15,1.003507894593925e-14,4.283806821527913e-14,5.693804427176003e-14,1.3305729881785288e-13,3.958036249055849e-13,5.142182407434656e-13,1.2142096232782797e-13,1.489424667504379e-13
parallel_error_vs_serial_same_precision,ill_scaled,mixed_fp32_fp64,2.0,50000000,12,3.9887207232012564e-15,5.113922856949393e-15,6.551876258820865e-14,1.2249920879015688e-13,1.703109010476981e-13,2.7997895203252437e-13,3.631473457637968e-13,1.259897444072281e-13,9.942018503994801e-14
parallel_error_vs_serial_same_precision,ill_scaled,mixed_fp32_fp64,4.0,1000000,12,5.8626103439256345e-15,7.037710539822082e-15,9.976331223882543e-15,1.5382403325974532e-14,3.235498030730237e-14,1.3270034388535983e-12,2.865837326296524e-12,2.5846203786544107e-13,8.21314664853958e-13
parallel_error_vs_serial_same_precision,ill_scaled,mixed_fp32_fp64,4.0,1919384,12,2.6130412417493225e-15,2.936072545305289e-15,1.4285937885488658e-14,6.869634200040009e-14,1.3170979462336915e-13,1.7409271285078186e-12,3.616238526929128e-12,3.685133044418243e-13,1.025130525135958e-12
parallel_error_vs_serial_same_precision,ill_scaled,mixed_fp32_fp64,4.0,3684032,12,3.552133622190214e-16,2.9913938578953522e-15,1.1629252492169815e-14,3.646936049380555e-14,6.159134827528494e-14,1.661636496005137e-13,2.0007506017109658e-13,5.586386591519074e-14,6.23065631833991e-14
parallel_error_vs_serial_same_precision,ill_scaled,mixed_fp32_fp64,4.0,7071068,12,3.2497952070720573e-15,3.553739890555756e-15,9.956145943113822e-15,5.534450161364828e-14,1.9227880534555245e-13,2.731358795039304e-13,3.063022827045353e-13,1.0075539585083876e-13,1.1084436474937099e-13
parallel_error_vs_serial_same_precision,ill_scaled,mixed_fp32_fp64,4.0,13572088,12,3.4385412878425595e-15,7.367002477610182e-15,2.0814985240358875e-14,9.058772179547663e-14,3.002094497075693e-13,5.111893544870132e-13,6.520905037954663e-13,1.8133869893249938e-13,2.035771370238922e-13
parallel_error_vs_serial_same_precision,ill_scaled,mixed_fp32_fp64,4.0,26050038,12,7.159166272973398e-15,7.308543943624806e-15,3.072698137445151e-14,1.0742821038853826e-13,2.0117340792850457e-13,5.525858037200398e-13,8.455508689945885e-13,1.7608406359645723e-13,2.3426987498320193e-13
parallel_error_vs_serial_same_precision,ill_scaled,mixed_fp32_fp64,4.0,50000000,12,2.1551938516291093e-14,4.225431087509964e-14,9.412311024337384e-14,1.200051257089036e-13,1.5254399757051613e-13,2.973335952666347e-13,4.243250460993045e-13,1.4074686638964206e-13,1.0183104572928544e-13
parallel_error_vs_serial_same_precision,ill_scaled,mixed_fp32_fp64,8.0,1000000,12,1.5633627583801693e-15,2.6340764065052703e-15,1.0797056448631598e-14,2.958222733662769e-14,5.68577881206354e-14,3.923590652776587e-13,7.685770852374183e-13,9.334091717677948e-14,2.1416020924493588e-13
parallel_error_vs_serial_same_precision,ill_scaled,mixed_fp32_fp64,8.0,1919384,12,9.412855542877507e-16,3.0443051565957197e-15,7.964860927793605e-15,4.89394904713407e-14,1.374367239703758e-13,2.5663045036030823e-12,5.314541315154397e-12,5.139399792526067e-13,1.5146401994787573e-12
parallel_error_vs_serial_same_precision,ill_scaled,mixed_fp32_fp64,8.0,3684032,12,2.574134404451629e-15,3.4657158739759956e-15,1.849645543720384e-14,4.172375980087366e-14,9.095500639420233e-14,2.2163114179593284e-13,3.0780778487861013e-13,7.138335995641864e-14,8.697774022423936e-14
parallel_error_vs_serial_same_precision,ill_scaled,mixed_fp32_fp64,8.0,7071068,12,8.449826454033657e-15,1.2024848543948653e-14,2.886101609306313e-14,5.2363456231438505e-14,1.7179107083438776e-13,2.248317702873158e-13,2.470179699230123e-13,9.221039407899479e-14,8.466020836018302e-14
parallel_error_vs_serial_same_precision,ill_scaled,mixed_fp32_fp64,8.0,13572088,12,9.418613092786141e-15,1.8787523136956337e-14,4.70608984780538e-14,1.5410719106603326e-13,2.4221239208307663e-13,3.2713282476783983e-13,3.6078802201114426e-13,1.549518017582591e-13,1.192086500291277e-13
parallel_error_vs_serial_same_precision,ill_scaled,mixed_fp32_fp64,8.0,26050038,12,6.849680488410333e-15,1.5741837398807105e-14,4.0144390420877865e-14,1.0826126768951631e-13,2.306961639225061e-13,9.617530264409589e-13,1.7842803606029672e-12,2.571838013889488e-13,4.901065178097276e-13
parallel_error_vs_serial_same_precision,ill_scaled,mixed_fp32_fp64,8.0,50000000,12,1.5635785234948922e-14,1.774473525380087e-14,5.485538943209274e-14,7.8895964682086e-14,1.7194988786223665e-13,2.1097627863174811e-13,2.167895545532691e-13,1.0552651144664118e-13,7.297867286466172e-14
parallel_error_vs_serial_same_precision,ill_scaled,mixed_fp32_fp64,16.0,1000000,12,7.209814955412134e-16,1.1738894656965915e-15,6.626056943532165e-15,3.260393016780178e-14,4.869803730096199e-14,3.8020515758671224e-13,7.155877972319356e-13,8.74763910192621e-14,2.0012596250654666e-13
parallel_error_vs_serial_same_precision,ill_scaled,mixed_fp32_fp64,16.0,1919384,12,6.400741769156706e-15,7.022772705834885e-15,1.1695922122089796e-14,6.554237812642015e-14,1.7492784845986355e-13,2.369833652990936e-12,4.717715776280117e-12,4.851704648633871e-13,1.3390465755187271e-12
parallel_error_vs_serial_same_precision,ill_scaled,mixed_fp32_fp64,16.0,3684032,12,1.9362422869701506e-15,6.862574405230729e-15,2.82851436771486e-14,3.995479358234383e-14,8.296493577606314e-14,8.189140099622825e-13,1.286059401195943e-12,1.789063908225857e-13,3.677356017396711e-13
parallel_error_vs_serial_same_precision,ill_scaled,mixed_fp32_fp64,16.0,7071068,12,1.5872697890201606e-14,1.852885519740107e-14,3.0889210253175945e-14,5.600946266549648e-14,1.8433808266898005e-13,2.2331337345075353e-13,2.2794507937128763e-13,9.730687252394483e-14,8.507151796610463e-14
parallel_error_vs_serial_same_precision,ill_scaled,mixed_fp32_fp64,16.0,13572088,12,1.554818669285331e-14,2.150923926885811e-14,6.88322508362209e-14,1.0100750727526897e-13,2.0527787122599749e-13,3.223562098992191e-13,4.2318458061238667e-13,1.417337420294042e-13,1.160333347042953e-13
parallel_error_vs_serial_same_precision,ill_scaled,mixed_fp32_fp64,16.0,26050038,12,2.2001340253528005e-14,2.5958955934552015e-14,4.9011410208149964e-14,8.49215521909635e-14,2.6810484795928597e-13,4.66984628874579e-13,5.333816534419799e-13,1.7530204182832707e-13,1.727766358956003e-13
parallel_error_vs_serial_same_precision,ill_scaled,mixed_fp32_fp64,16.0,50000000,12,3.1909765785610037e-16,1.9593119481707157e-14,7.330051577521196e-14,8.970939890344576e-14,1.3392223783514182e-13,2.171310745413165e-13,2.305033985793225e-13,1.0741034267918792e-13,7.044611579513104e-14
parallel_error_vs_serial_same_precision,ill_scaled,mixed_fp32_fp64,22.0,1000000,12,7.209814955412134e-16,1.1842911901026392e-15,3.3003222636452102e-15,1.4429224306575612e-14,3.999135305831176e-14,4.784246414869211e-13,9.916898768394507e-13,1.0020821439216158e-13,2.81409742048687e-13
parallel_error_vs_serial_same_precision,ill_scaled,mixed_fp32_fp64,22.0,1919384,12,4.611249250145863e-16,2.5889586686045737e-15,2.3193589095771905e-14,4.6475734314621564e-14,1.7216613165932642e-13,2.9542138021607423e-12,6.028888485235582e-12,5.906317581295446e-13,1.717060227668569e-12
parallel_error_vs_serial_same_precision,ill_scaled,mixed_fp32_fp64,22.0,3684032,12,1.6886882054931461e-15,2.712287331833484e-15,2.7571324673155844e-14,3.8389369038707e-14,1.0472903612613415e-13,1.0034144827078178e-12,1.4851725620392938e-12,2.1017164309830551e-13,4.346430587527877e-13
parallel_error_vs_serial_same_precision,ill_scaled,mixed_fp32_fp64,22.0,7071068,12,1.2674739681050483e-14,1.7312344667216473e-14,4.294001215707957e-14,7.627200492175588e-14,1.6045384487418413e-13,2.2936627967277997e-13,2.3899883582696085e-13,1.0021862586893613e-13,7.813309231755032e-14
parallel_error_vs_serial_same_precision,ill_scaled,mixed_fp32_fp64,22.0,13572088,12,1.0471601589622548e-14,1.8604582837441698e-14,5.5663235939682285e-14,9.03988434684958e-14,1.425313273311554e-13,3.3444020456369786e-13,4.3327511319146554e-13,1.2607498603465557e-13,1.1752838265684328e-13
parallel_error_vs_serial_same_precision,ill_scaled,mixed_fp32_fp64,22.0,26050038,12,7.39164686787775e-16,1.1471807076762681e-15,3.864915519290538e-14,1.0952984962443755e-13,1.641809972692475e-13,7.520602323086931e-13,1.4298960909898633e-12,2.061997641462926e-13,3.914647257950705e-13
parallel_error_vs_serial_same_precision,ill_scaled,mixed_fp32_fp64,22.0,50000000,12,1.340210162995622e-14,3.387185118184998e-14,6.998233820576927e-14,7.592047158477185e-14,1.654538838255832e-13,2.1460465921817233e-13,2.372490945205635e-13,1.093555358420951e-13,6.873947359165832e-14
parallel_error_vs_serial_same_precision,nearly_canceling,fp64,1.0,1000000,12,0.0,0.0,0.0,0.0,0.0,0.0,0.0,0.0,0.0
parallel_error_vs_serial_same_precision,nearly_canceling,fp64,1.0,1919384,12,0.0,0.0,0.0,0.0,0.0,0.0,0.0,0.0,0.0
parallel_error_vs_serial_same_precision,nearly_canceling,fp64,1.0,3684032,12,0.0,0.0,0.0,0.0,0.0,0.0,0.0,0.0,0.0
parallel_error_vs_serial_same_precision,nearly_canceling,fp64,1.0,7071068,12,0.0,0.0,0.0,0.0,0.0,0.0,0.0,0.0,0.0
parallel_error_vs_serial_same_precision,nearly_canceling,fp64,1.0,13572088,12,0.0,0.0,0.0,0.0,0.0,0.0,0.0,0.0,0.0
parallel_error_vs_serial_same_precision,nearly_canceling,fp64,1.0,26050038,12,0.0,0.0,0.0,0.0,0.0,0.0,0.0,0.0,0.0
parallel_error_vs_serial_same_precision,nearly_canceling,fp64,1.0,50000000,12,0.0,0.0,0.0,0.0,0.0,0.0,0.0,0.0,0.0
parallel_error_vs_serial_same_precision,nearly_canceling,fp64,2.0,1000000,12,0.0,5.923138647036776e-13,1.3297835516727572e-11,4.629925698346969e-11,2.604072375688799e-10,6.336036400527039e-09,1.2553471699511684e-08,1.2145693319389934e-09,3.5881707115661735e-09
parallel_error_vs_serial_same_precision,nearly_canceling,fp64,2.0,1919384,12,2.0595136761129877e-12,2.147079089614369e-12,3.3458865631330206e-12,1.1439733667011877e-11,3.196070064838887e-11,8.420676390039325e-10,1.7571183489698674e-09,1.6620597431547756e-10,5.019126440844853e-10
parallel_error_vs_serial_same_precision,nearly_canceling,fp64,2.0,3684032,12,1.7279110553765177e-12,2.5650686263889123e-12,5.728239881014235e-12,1.968575331107058e-11,4.436908897670491e-11,6.376068758559999e-11,8.076213431189264e-11,2.725016645203494e-11,2.476117082974132e-11
parallel_error_vs_serial_same_precision,nearly_canceling,fp64,2.0,7071068,12,7.566600764019844e-13,1.9440373969716776e-12,4.485955494002199e-12,1.9219083649792118e-11,4.604193777478511e-11,9.043013991147471e-11,9.151349881865841e-11,3.0424561686405406e-11,3.209186780568649e-11
parallel_error_vs_serial_same_precision,nearly_canceling,fp64,2.0,13572088,12,3.596958974875237e-12,4.3508115346153185e-12,7.420865984862929e-12,1.9855751233471656e-11,5.890656021653282e-11,2.602920008633708e-10,4.128194670846963e-10,6.631348676687254e-11,1.1687105404591833e-10
parallel_error_vs_serial_same_precision,nearly_canceling,fp64,2.0,26050038,12,9.425699498976256e-12,3.494973964138625e-11,1.2553222575304798e-10,3.2482551641340613e-10,9.375829648274196e-10,1.1581345094060227e-09,1.1601675243994187e-09,4.803805794604752e-10,4.4011037676489143e-10
parallel_error_vs_serial_same_precision,nearly_canceling,fp64,2.0,50000000,12,5.47377579846926e-12,1.2155967996607366e-11,3.880569244609813e-11,5.122724348339789e-11,6.742790058645514e-11,1.3200343566853255e-10,1.7865287533098475e-10,5.961660554676819e-11,4.451409613406089e-11
parallel_error_vs_serial_same_precision,nearly_canceling,fp64,4.0,1000000,12,3.97874069177787e-12,5.324322860812162e-12,2.3998403713782694e-11,6.316756263963127e-11,2.701200733511995e-10,6.116608888632633e-09,1.1955687332868272e-08,1.1936763881203177e-09,3.411130305912648e-09
parallel_error_vs_serial_same_precision,nearly_canceling,fp64,4.0,1919384,12,0.0,4.7762622019837214e-12,1.4368776448717961e-11,3.657368786779955e-11,7.167679188317851e-11,4.918249387857009e-10,8.373767131809525e-10,1.1547674576499432e-10,2.343525063810135e-10
parallel_error_vs_serial_same_precision,nearly_canceling,fp64,4.0,3684032,12,2.591866583064777e-12,6.61105808389578e-12,1.9067226762867194e-11,2.7160391058419365e-11,4.58724527190704e-11,1.5919758486826327e-10,2.6920711437297545e-10,5.01759897066176e-11,7.1899432866719e-11
parallel_error_vs_serial_same_precision,nearly_canceling,fp64,4.0,7071068,12,3.0627501620760677e-11,8.222713154404324e-11,2.1866931376495563e-10,6.839081053742749e-10,1.0288967836133794e-09,4.378765513358004e-09,6.263506681251092e-09,1.2278347577478699e-09,1.7735056703387836e-09
parallel_error_vs_serial_same_precision,nearly_canceling,fp64,4.0,13572088,12,0.0,1.3632300123522748e-12,1.5445088278624513e-11,2.985356331566707e-11,4.6149176493315e-11,1.599930035097302e-10,1.7491255251348164e-10,4.702749628903218e-11,5.57737784970323e-11
parallel_error_vs_serial_same_precision,nearly_canceling,fp64,4.0,26050038,12,1.7583904725262407e-11,1.949443189743983e-11,9.21103766879676e-11,2.7913937998380335e-10,6.263178085281274e-10,2.60761545571237e-09,4.719838372138641e-09,6.8827650686252e-10,1.3012806727746557e-09
parallel_error_vs_serial_same_precision,nearly_canceling,fp64,4.0,50000000,12,4.146639096169496e-12,5.503585044917559e-12,1.5614758340925774e-11,4.473694201798267e-11,6.636071473046822e-11,1.4075126998929559e-10,1.8443983758566175e-10,5.46785561823222e-11,5.1420355370425676e-11
parallel_error_vs_serial_same_precision,nearly_canceling,fp64,8.0,1000000,12,5.169296249707649e-12,5.761909263283004e-12,1.352917685348116e-11,3.4001219673659224e-11,3.583591119574259e-10,8.409837388752958e-09,1.4533632414017992e-08,1.5959696937724813e-09,4.187900053000158e-09
parallel_error_vs_serial_same_precision,nearly_canceling,fp64,8.0,1919384,12,5.1492464398368524e-11,1.2986338605986547e-10,5.155268250442379e-10,1.332995710606651e-09,2.1967384078054792e-09,1.9899962193422178e-08,2.951409726785325e-08,4.392039382851134e-09,8.550850559848357e-09
parallel_error_vs_serial_same_precision,nearly_canceling,fp64,8.0,3684032,12,8.585558056402072e-12,9.670260479322873e-12,1.5293773924705665e-11,2.4137405221664553e-11,5.4526085616744436e-11,1.831622559559266e-10,3.0061461104982255e-10,5.4502710005387757e-11,8.103426949999039e-11
parallel_error_vs_serial_same_precision,nearly_canceling,fp64,8.0,7071068,12,3.5406580423046435e-11,8.044206100260567e-11,1.9911776259886317e-10,3.873536529525021e-10,8.300298767363804e-10,3.1776110310052246e-09,3.7251028401436644e-09,8.917127649744241e-10,1.1838222302591188e-09
parallel_error_vs_serial_same_precision,nearly_canceling,fp64,8.0,13572088,12,4.5787112914320656e-11,5.362180353943698e-11,2.9669352000199666e-10,5.568029959683454e-10,5.886954942603124e-09,1.1025154875849756e-08,1.602388752647114e-08,3.168796670830885e-09,4.862213704112615e-09
parallel_error_vs_serial_same_precision,nearly_canceling,fp64,8.0,26050038,12,7.651699653454079e-11,9.978924589833446e-11,1.4117456712618265e-10,3.663586319123461e-10,9.274637715298892e-10,2.54855027830686e-09,4.3385302380719935e-09,7.592687472516152e-10,1.1811001090812133e-09
parallel_error_vs_serial_same_precision,nearly_canceling,fp64,8.0,50000000,12,1.1033775163808043e-12,5.177025828796835e-12,1.602017171024685e-11,3.5582010606896236e-11,5.091344354547495e-11,8.187243274483033e-11,1.0598863303316876e-10,3.640926322084342e-11,2.914158092757136e-11
parallel_error_vs_serial_same_precision,nearly_canceling,fp64,16.0,1000000,12,1.4918472904771293e-11,1.589160927601884e-11,1.8790554241383275e-11,3.0342106863699405e-11,5.95900768275282e-10,5.5358708070946356e-09,5.8975474071608155e-09,1.092637242728523e-09,2.1322301425032624e-09
parallel_error_vs_serial_same_precision,nearly_canceling,fp64,16.0,1919384,12,1.9328359647907446e-10,2.1902406260049897e-10,3.8479244332081137e-10,1.124275363009435e-09,3.7288654669340704e-09,1.54259156564954e-08,2.2787628588202968e-08,3.8476256266381445e-09,6.543516915746472e-09
parallel_error_vs_serial_same_precision,nearly_canceling,fp64,16.0,3684032,12,4.162108225624808e-12,4.453636741087807e-12,1.4616889659495523e-11,2.9959312652914805e-11,4.733863531482465e-11,1.2696615773132837e-10,1.7932485544105177e-10,4.378453991827671e-11,4.9730095034395426e-11
parallel_error_vs_serial_same_precision,nearly_canceling,fp64,16.0,7071068,12,2.524093887131464e-11,4.608596429908746e-11,6.789340009653364e-11,3.0031012699905525e-10,3.4625384465273845e-10,1.038506143827468e-09,1.5504765031532763e-09,3.558335474935398e-10,4.142816874087699e-10
parallel_error_vs_serial_same_precision,nearly_canceling,fp64,16.0,13572088,12,4.346649993511417e-12,2.6122017412904487e-11,5.392687100920936e-11,1.2356635643797283e-10,9.582554342121154e-10,7.134007245651105e-09,9.015648878616767e-09,1.4740230320952244e-09,2.8575011495258754e-09
parallel_error_vs_serial_same_precision,nearly_canceling,fp64,16.0,26050038,12,3.8379185209381006e-11,7.702124865569075e-11,1.4170405347056815e-10,4.4712682435593226e-10,8.57052620859561e-10,2.866393306346237e-09,4.075583657781755e-09,8.595455236577781e-10,1.1941627105774647e-09
parallel_error_vs_serial_same_precision,nearly_canceling,fp64,16.0,50000000,12,9.806624817655528e-12,2.3054331723314587e-11,4.290652885188953e-11,5.97914605182622e-11,9.023680873984539e-11,1.462972759053601e-10,1.5728320745733027e-10,7.077999341033619e-11,4.385479207846916e-11
parallel_error_vs_serial_same_precision,nearly_canceling,fp64,22.0,1000000,12,2.727163248310364e-10,3.471663819704386e-10,5.747974801431866e-10,1.0598122285537596e-09,2.755361856123549e-09,1.6764317970297191e-07,3.467149326531799e-07,3.185352504908649e-08,9.933424614808493e-08
parallel_error_vs_serial_same_precision,nearly_canceling,fp64,22.0,1919384,12,8.965205855073093e-12,2.430360004103262e-11,1.4954175597705206e-10,4.6111292799441085e-10,3.5346939017870864e-09,8.747898972906064e-09,1.1554096793806697e-08,2.383622964193044e-09,3.6396043515118614e-09
parallel_error_vs_serial_same_precision,nearly_canceling,fp64,22.0,3684032,12,3.9591541049604144e-12,8.982933683443443e-12,2.2163819400323666e-11,4.4462471426851956e-11,7.09757567045798e-11,2.5587427607821735e-10,3.838304560395939e-10,7.736666552930427e-11,1.0438544867440542e-10
parallel_error_vs_serial_same_precision,nearly_canceling,fp64,22.0,7071068,12,3.265706017909688e-12,3.520045309352452e-11,1.4934848327221086e-10,3.5064977432956676e-10,9.58401191084598e-10,1.657036046097982e-09,1.863450797850002e-09,6.121539820661268e-10,6.058545278154485e-10
parallel_error_vs_serial_same_precision,nearly_canceling,fp64,22.0,13572088,12,2.2724981575884324e-10,2.4563382356997547e-10,5.449144832214664e-10,1.225586992684597e-09,2.084969691808392e-09,1.3906602399544112e-08,1.89730415723521e-08,3.3780440421582758e-09,5.573110409596307e-09
parallel_error_vs_serial_same_precision,nearly_canceling,fp64,22.0,26050038,12,0.0,1.3981454256814777e-11,2.0647230979055377e-10,5.239000274733257e-10,9.86175329241791e-10,1.5813485746815052e-09,1.926264285449473e-09,6.530911032160386e-10,5.841188138520286e-10
parallel_error_vs_serial_same_precision,nearly_canceling,fp64,22.0,50000000,12,9.229846733031071e-11,1.1612165986362274e-10,3.295784653251983e-10,6.452376402055516e-10,1.355892310223316e-09,3.0392868780134136e-09,3.3263802506039663e-09,1.029924613370406e-09,1.0519421546059328e-09
parallel_error_vs_serial_same_precision,nearly_canceling,mixed_fp32_fp64,1.0,1000000,12,0.0,0.0,0.0,0.0,0.0,0.0,0.0,0.0,0.0
parallel_error_vs_serial_same_precision,nearly_canceling,mixed_fp32_fp64,1.0,1919384,12,0.0,0.0,0.0,0.0,0.0,0.0,0.0,0.0,0.0
parallel_error_vs_serial_same_precision,nearly_canceling,mixed_fp32_fp64,1.0,3684032,12,0.0,0.0,0.0,0.0,0.0,0.0,0.0,0.0,0.0
parallel_error_vs_serial_same_precision,nearly_canceling,mixed_fp32_fp64,1.0,7071068,12,0.0,0.0,0.0,0.0,0.0,0.0,0.0,0.0,0.0
parallel_error_vs_serial_same_precision,nearly_canceling,mixed_fp32_fp64,1.0,13572088,12,0.0,0.0,0.0,0.0,0.0,0.0,0.0,0.0,0.0
parallel_error_vs_serial_same_precision,nearly_canceling,mixed_fp32_fp64,1.0,26050038,12,0.0,0.0,0.0,0.0,0.0,0.0,0.0,0.0,0.0
parallel_error_vs_serial_same_precision,nearly_canceling,mixed_fp32_fp64,1.0,50000000,12,0.0,0.0,0.0,0.0,0.0,0.0,0.0,0.0,0.0
parallel_error_vs_serial_same_precision,nearly_canceling,mixed_fp32_fp64,2.0,1000000,12,0.0,0.0,0.0,0.0,0.0,0.0,0.0,0.0,0.0
parallel_error_vs_serial_same_precision,nearly_canceling,mixed_fp32_fp64,2.0,1919384,12,0.0,0.0,0.0,0.0,0.0,0.0,0.0,0.0,0.0
parallel_error_vs_serial_same_precision,nearly_canceling,mixed_fp32_fp64,2.0,3684032,12,0.0,0.0,0.0,0.0,0.0,4.174076160780147e-12,9.275724801733674e-12,7.729770668111395e-13,2.677671105604912e-12
parallel_error_vs_serial_same_precision,nearly_canceling,mixed_fp32_fp64,2.0,7071068,12,0.0,0.0,0.0,0.0,0.0,0.0,0.0,0.0,0.0
parallel_error_vs_serial_same_precision,nearly_canceling,mixed_fp32_fp64,2.0,13572088,12,0.0,0.0,0.0,0.0,0.0,0.0,0.0,0.0,0.0
parallel_error_vs_serial_same_precision,nearly_canceling,mixed_fp32_fp64,2.0,26050038,12,0.0,0.0,0.0,0.0,0.0,0.0,0.0,0.0,0.0
parallel_error_vs_serial_same_precision,nearly_canceling,mixed_fp32_fp64,2.0,50000000,12,0.0,0.0,0.0,0.0,3.927144730127521e-13,1.8922997464385043e-11,3.351788509683077e-11,3.50587239616609e-12,9.663271681250307e-12
parallel_error_vs_serial_same_precision,nearly_canceling,mixed_fp32_fp64,4.0,1000000,12,0.0,0.0,0.0,0.0,0.0,0.0,0.0,0.0,0.0
parallel_error_vs_serial_same_precision,nearly_canceling,mixed_fp32_fp64,4.0,1919384,12,0.0,0.0,0.0,0.0,0.0,0.0,0.0,0.0,0.0
parallel_error_vs_serial_same_precision,nearly_canceling,mixed_fp32_fp64,4.0,3684032,12,0.0,0.0,0.0,0.0,0.0,4.174076160780147e-12,9.275724801733674e-12,7.729770668111395e-13,2.677671105604912e-12
parallel_error_vs_serial_same_precision,nearly_canceling,mixed_fp32_fp64,4.0,7071068,12,0.0,0.0,0.0,0.0,0.0,0.0,0.0,0.0,0.0
parallel_error_vs_serial_same_precision,nearly_canceling,mixed_fp32_fp64,4.0,13572088,12,0.0,0.0,0.0,0.0,0.0,0.0,0.0,0.0,0.0
parallel_error_vs_serial_same_precision,nearly_canceling,mixed_fp32_fp64,4.0,26050038,12,0.0,0.0,0.0,0.0,0.0,0.0,0.0,0.0,0.0
parallel_error_vs_serial_same_precision,nearly_canceling,mixed_fp32_fp64,4.0,50000000,12,0.0,0.0,0.0,0.0,2.923574860316081e-12,3.823107161219455e-11,6.703577019366155e-11,7.520995400454547e-12,1.9261933756775462e-11
parallel_error_vs_serial_same_precision,nearly_canceling,mixed_fp32_fp64,8.0,1000000,12,0.0,0.0,0.0,0.0,0.0,0.0,0.0,0.0,0.0
parallel_error_vs_serial_same_precision,nearly_canceling,mixed_fp32_fp64,8.0,1919384,12,0.0,0.0,0.0,0.0,0.0,0.0,0.0,0.0,0.0
parallel_error_vs_serial_same_precision,nearly_canceling,mixed_fp32_fp64,8.0,3684032,12,0.0,0.0,0.0,0.0,0.0,4.174076160780147e-12,9.275724801733674e-12,7.729770668111395e-13,2.677671105604912e-12
parallel_error_vs_serial_same_precision,nearly_canceling,mixed_fp32_fp64,8.0,7071068,12,0.0,0.0,0.0,0.0,0.0,0.0,0.0,0.0,0.0
parallel_error_vs_serial_same_precision,nearly_canceling,mixed_fp32_fp64,8.0,13572088,12,0.0,0.0,0.0,0.0,0.0,0.0,0.0,0.0,0.0
parallel_error_vs_serial_same_precision,nearly_canceling,mixed_fp32_fp64,8.0,26050038,12,0.0,0.0,0.0,0.0,0.0,0.0,0.0,0.0,0.0
parallel_error_vs_serial_same_precision,nearly_canceling,mixed_fp32_fp64,8.0,50000000,12,0.0,0.0,0.0,0.0,2.923574860316081e-12,3.823107161219455e-11,6.703577019366155e-11,7.520995400454547e-12,1.9261933756775462e-11
parallel_error_vs_serial_same_precision,nearly_canceling,mixed_fp32_fp64,16.0,1000000,12,0.0,0.0,0.0,0.0,0.0,0.0,0.0,0.0,0.0
parallel_error_vs_serial_same_precision,nearly_canceling,mixed_fp32_fp64,16.0,1919384,12,0.0,0.0,0.0,0.0,0.0,0.0,0.0,0.0,0.0
parallel_error_vs_serial_same_precision,nearly_canceling,mixed_fp32_fp64,16.0,3684032,12,0.0,0.0,0.0,0.0,0.0,4.174076160780147e-12,9.275724801733674e-12,7.729770668111395e-13,2.677671105604912e-12
parallel_error_vs_serial_same_precision,nearly_canceling,mixed_fp32_fp64,16.0,7071068,12,0.0,0.0,0.0,0.0,0.0,0.0,0.0,0.0,0.0
parallel_error_vs_serial_same_precision,nearly_canceling,mixed_fp32_fp64,16.0,13572088,12,0.0,0.0,0.0,0.0,0.0,0.0,0.0,0.0,0.0
parallel_error_vs_serial_same_precision,nearly_canceling,mixed_fp32_fp64,16.0,26050038,12,0.0,0.0,0.0,0.0,0.0,0.0,0.0,0.0,0.0
parallel_error_vs_serial_same_precision,nearly_canceling,mixed_fp32_fp64,16.0,50000000,12,0.0,0.0,0.0,0.0,2.923574860316081e-12,3.823107161219455e-11,6.703577019366155e-11,7.520995400454547e-12,1.9261933756775462e-11
parallel_error_vs_serial_same_precision,nearly_canceling,mixed_fp32_fp64,22.0,1000000,12,0.0,0.0,0.0,0.0,0.0,0.0,0.0,0.0,0.0
parallel_error_vs_serial_same_precision,nearly_canceling,mixed_fp32_fp64,22.0,1919384,12,0.0,0.0,0.0,0.0,0.0,0.0,0.0,0.0,0.0
parallel_error_vs_serial_same_precision,nearly_canceling,mixed_fp32_fp64,22.0,3684032,12,0.0,0.0,0.0,0.0,0.0,4.174076160780147e-12,9.275724801733674e-12,7.729770668111395e-13,2.677671105604912e-12
parallel_error_vs_serial_same_precision,nearly_canceling,mixed_fp32_fp64,22.0,7071068,12,0.0,0.0,0.0,0.0,0.0,0.0,0.0,0.0,0.0
parallel_error_vs_serial_same_precision,nearly_canceling,mixed_fp32_fp64,22.0,13572088,12,0.0,0.0,0.0,0.0,0.0,0.0,0.0,0.0,0.0
parallel_error_vs_serial_same_precision,nearly_canceling,mixed_fp32_fp64,22.0,26050038,12,0.0,0.0,0.0,0.0,0.0,0.0,0.0,0.0,0.0
parallel_error_vs_serial_same_precision,nearly_canceling,mixed_fp32_fp64,22.0,50000000,12,0.0,0.0,0.0,0.0,2.923574860316081e-12,3.823107161219455e-11,6.703577019366155e-11,7.520995400454547e-12,1.9261933756775462e-11
parallel_error_vs_serial_same_precision,normal,fp64,1.0,1000000,12,0.0,0.0,0.0,0.0,0.0,0.0,0.0,0.0,0.0
parallel_error_vs_serial_same_precision,normal,fp64,1.0,1919384,12,0.0,0.0,0.0,0.0,0.0,0.0,0.0,0.0,0.0
parallel_error_vs_serial_same_precision,normal,fp64,1.0,3684032,12,0.0,0.0,0.0,0.0,0.0,0.0,0.0,0.0,0.0
parallel_error_vs_serial_same_precision,normal,fp64,1.0,7071068,12,0.0,0.0,0.0,0.0,0.0,0.0,0.0,0.0,0.0
parallel_error_vs_serial_same_precision,normal,fp64,1.0,13572088,12,0.0,0.0,0.0,0.0,0.0,0.0,0.0,0.0,0.0
parallel_error_vs_serial_same_precision,normal,fp64,1.0,26050038,12,0.0,0.0,0.0,0.0,0.0,0.0,0.0,0.0,0.0
parallel_error_vs_serial_same_precision,normal,fp64,1.0,50000000,12,0.0,0.0,0.0,0.0,0.0,0.0,0.0,0.0,0.0
parallel_error_vs_serial_same_precision,normal,fp64,2.0,1000000,12,3.772064163205686e-15,4.6834887509065465e-15,1.094963121684456e-14,2.4881865914365068e-14,3.340421969277178e-14,5.787861623055246e-14,6.072522321178481e-14,2.6263196055191068e-14,1.871283723947506e-14
parallel_error_vs_serial_same_precision,normal,fp64,2.0,1919384,12,1.0075412298676477e-14,1.4532727368460016e-14,2.0306133060499692e-14,3.0053720443484116e-14,6.848605939482814e-14,2.1748908620836751e-13,2.907005884066403e-13,6.58662347233593e-14,8.193953553508396e-14
parallel_error_vs_serial_same_precision,normal,fp64,2.0,3684032,12,1.626108939081346e-14,2.081896396391397e-14,4.2855901936049444e-14,5.013892627322643e-14,1.0236161354637226e-13,5.012545283173013e-12,1.0884189363221148e-11,9.715069006184233e-13,3.122142375412088e-12
parallel_error_vs_serial_same_precision,normal,fp64,2.0,7071068,12,1.0241678604257484e-14,1.3653513023876692e-14,2.4698244221009832e-14,6.010441897724476e-14,1.1018176522945126e-13,2.4390404838071147e-13,2.8862306791443e-13,8.743517078944082e-14,8.570248380838283e-14
parallel_error_vs_serial_same_precision,normal,fp64,2.0,13572088,12,1.3151914671603901e-14,1.4508988113778316e-14,1.740481436229641e-14,6.211671460938532e-14,9.431700686577322e-14,2.890941238081954e-13,4.90508318368092e-13,9.23085543261839e-14,1.31548240433184e-13
parallel_error_vs_serial_same_precision,normal,fp64,2.0,26050038,12,4.409181200257546e-14,6.138511638057996e-14,9.573620865474489e-14,1.6190575198216434e-13,4.965411684761248e-13,1.0790036277026869e-12,1.111877273946491e-12,3.662961267244221e-13,3.943055000286761e-13
parallel_error_vs_serial_same_precision,normal,fp64,2.0,50000000,12,1.1738567684059764e-14,1.5287897296257587e-14,2.137194303638786e-14,1.5689697605513687e-13,3.939192236575871e-13,4.640136544198673e-13,4.732057431654697e-13,2.0153947129410713e-13,1.8950461995040658e-13
parallel_error_vs_serial_same_precision,normal,fp64,4.0,1000000,12,2.2056124094904447e-15,4.071953937111213e-15,9.199831332449891e-15,2.431624479691828e-14,4.070433056175332e-14,1.4881124116675636e-13,2.582159245200808e-13,4.409590836696938e-14,6.97416149576356e-14
parallel_error_vs_serial_same_precision,normal,fp64,4.0,1919384,12,7.833393788460156e-15,1.2430972004530026e-14,2.3076297103014495e-14,3.6680568085360436e-14,6.990181886735123e-14,2.1366531394344116e-13,2.4680457880626137e-13,6.743069825586886e-14,7.488653110936545e-14
parallel_error_vs_serial_same_precision,normal,fp64,4.0,3684032,12,1.5177016764759228e-14,2.7668979572315347e-14,4.277061479533797e-14,9.898910137053959e-14,2.1883293646335151e-13,4.905379588563852e-12,1.0345034472163752e-11,9.829961206128393e-13,2.9509253452367947e-12
parallel_error_vs_serial_same_precision,normal,fp64,4.0,7071068,12,1.6175423520645285e-15,1.0605918857173031e-14,4.6349569975990717e-14,8.583948649368744e-14,1.6279598743588096e-13,8.536610080378966e-13,1.597568365003442e-12,2.1732348052282485e-13,4.4040154622829865e-13
parallel_error_vs_serial_same_precision,normal,fp64,4.0,13572088,12,6.097244404252631e-15,9.722908341554831e-15,4.1377377528621626e-14,5.75368978863449e-14,1.5740252727000389e-13,3.955773687692916e-13,5.718148458162981e-13,1.2407231432813758e-13,1.5839774598112328e-13
parallel_error_vs_serial_same_precision,normal,fp64,4.0,26050038,12,2.125124677649721e-14,3.499389155621893e-14,7.066457380434155e-14,1.5471255115590772e-13,2.4501798355123963e-13,3.3331728484153046e-13,3.972633038917008e-13,1.6468688285627155e-13,1.1678426751098e-13
parallel_error_vs_serial_same_precision,normal,fp64,4.0,50000000,12,9.58649694198214e-15,1.0490103504509474e-14,8.431473268695682e-14,1.547752930328614e-13,3.6455729666839515e-13,6.583082798047049e-13,7.685229565354996e-13,2.416580447537427e-13,2.4264559068441217e-13
parallel_error_vs_serial_same_precision,normal,fp64,8.0,1000000,12,1.6966249303772654e-16,3.3889811009138534e-15,1.5734041855844042e-14,4.1717352878569506e-14,6.200233857980126e-14,2.009695775545068e-13,2.604244712729255e-13,6.19856970968705e-14,7.438527157241024e-14
parallel_error_vs_serial_same_precision,normal,fp64,8.0,1919384,12,1.047800951737884e-15,1.0222024275496924e-14,2.93467908930282e-14,6.152193433655307e-14,8.251357409539991e-14,1.612170045579109e-13,2.145123909250683e-13,6.906910257075715e-14,5.68451923838628e-14
parallel_error_vs_serial_same_precision,normal,fp64,8.0,3684032,12,1.1274355310963998e-14,1.984279108976657e-14,3.81098124465366e-14,5.6789181639311904e-14,1.610995145483786e-13,3.1667607679452473e-12,6.775175572283733e-12,6.412475119417142e-13,1.9328098233414003e-12
parallel_error_vs_serial_same_precision,normal,fp64,8.0,7071068,12,2.1968812335196452e-14,3.8866947398393093e-14,6.759238046533551e-14,9.993565019472629e-14,1.8987245202924547e-13,6.538831572729776e-13,1.0372037180879536e-12,1.9972920905127655e-13,2.7878273729280813e-13
parallel_error_vs_serial_same_precision,normal,fp64,8.0,13572088,12,1.3953151053740556e-14,1.882094971373091e-14,3.083618737405105e-14,9.908158107028501e-14,1.3619143269179269e-13,3.6275924110474984e-13,5.962478679535116e-13,1.239299525273549e-13,1.5801426239680105e-13
parallel_error_vs_serial_same_precision,normal,fp64,8.0,26050038,12,4.387561497452332e-14,5.1247944559190465e-14,1.0910966961210669e-13,1.576324641813014e-13,2.1186351255598986e-13,8.572206571396623e-13,1.3818002493791401e-12,2.667717802479063e-13,3.6601083851166557e-13
parallel_error_vs_serial_same_precision,normal,fp64,8.0,50000000,12,2.637503795396355e-14,4.465728778668265e-14,7.636578735334734e-14,1.3044683183414355e-13,2.3853028453847693e-13,7.419074044917049e-13,1.0439680126972209e-12,2.394057915416854e-13,2.858634865072503e-13
parallel_error_vs_serial_same_precision,normal,fp64,16.0,1000000,12,5.089874791131796e-16,3.7719214482891395e-15,1.7390607626588888e-14,4.4043101987633896e-14,5.926895586130265e-14,1.252430297269599e-13,1.378332369693855e-13,4.89223283686111e-14,4.289537820304647e-14
parallel_error_vs_serial_same_precision,normal,fp64,16.0,1919384,12,2.7485592240211063e-16,1.4409206472657186e-15,1.510196081573727e-14,4.299066211831027e-14,6.557248640303557e-14,1.3861473863800495e-13,1.865905743360668e-13,5.215695385449346e-14,5.2648564918404685e-14
parallel_error_vs_serial_same_precision,normal,fp64,16.0,3684032,12,1.1117183116287908e-14,1.5101551086993225e-14,2.1977317274610422e-14,4.008144004494218e-14,1.5193494564680236e-13,2.7750010880589996e-12,5.909260141191555e-12,5.57819307978823e-13,1.686716805985394e-12
parallel_error_vs_serial_same_precision,normal,fp64,16.0,7071068,12,2.226451870490757e-15,3.8166574221678865e-15,5.759723641970648e-14,8.003802209374727e-14,2.0368993118629306e-13,9.93039807234547e-13,1.5753956631470738e-12,2.480732682794079e-13,4.4146679143185486e-13
parallel_error_vs_serial_same_precision,normal,fp64,16.0,13572088,12,6.319698087108333e-15,2.1799268289698554e-14,7.172154180829675e-14,1.2410579027521709e-13,1.8709215908319197e-13,4.401852588140847e-13,7.065044468416094e-13,1.636538444325366e-13,1.8410181315756022e-13
parallel_error_vs_serial_same_precision,normal,fp64,16.0,26050038,12,3.09620813962211e-15,4.310298834213093e-15,4.2324153683072285e-14,1.8021423262450686e-13,3.627229665188973e-13,9.291572714161577e-13,9.299527737041619e-13,2.957579436422861e-13,3.3366411323838735e-13
parallel_error_vs_serial_same_precision,normal,fp64,16.0,50000000,12,6.351589593750511e-15,7.985431747031507e-15,1.9281388947742042e-14,4.479455609269962e-14,2.620549816807608e-13,7.397908002107774e-13,9.60932712136313e-13,2.038822650614294e-13,2.9201832249226843e-13
parallel_error_vs_serial_same_precision,normal,fp64,22.0,1000000,12,8.483124651886326e-16,4.890879924826916e-15,2.4710375235164442e-14,5.2031288180801507e-14,6.741776882660088e-14,1.832461428854594e-13,2.618968357748218e-13,6.478118709766296e-14,7.03255746534564e-14
parallel_error_vs_serial_same_precision,normal,fp64,22.0,1919384,12,2.06141941801583e-15,3.5313691991538755e-15,1.0336046843221959e-14,2.8283704200685775e-14,1.0410652618727555e-13,1.5803625811079377e-13,1.7602884371327053e-13,5.495865155186295e-14,6.066011227283448e-14
parallel_error_vs_serial_same_precision,normal,fp64,22.0,3684032,12,9.323024584066384e-15,1.9443645473688674e-14,4.2476238328973685e-14,8.278270061449987e-14,1.1260833642994562e-13,3.392378867224645e-12,7.25714736883504e-12,6.814263199754786e-13,2.0716388796178687e-12
parallel_error_vs_serial_same_precision,normal,fp64,22.0,7071068,12,9.647958105459948e-15,2.12448987265313e-14,4.70836156648665e-14,9.780491038890495e-14,1.7560830517658329e-13,3.2888120552474875e-13,4.5273060323137493e-13,1.3196584228557638e-13,1.2270487309863023e-13
parallel_error_vs_serial_same_precision,normal,fp64,22.0,13572088,12,1.0037167550113236e-14,1.3426345641546037e-14,6.212744927696433e-14,8.518552710263688e-14,2.2356952985961179e-13,4.667705846758229e-13,6.91105483309752e-13,1.6693660863340772e-13,1.8961209735971414e-13
parallel_error_vs_serial_same_precision,normal,fp64,22.0,26050038,12,9.642992302093039e-15,1.9361778058943243e-14,7.363045510769637e-14,2.278381693153764e-13,3.3738338777116485e-13,1.10155236675888e-12,1.4711328434805641e-12,3.4307569233155804e-13,4.16603581465528e-13
parallel_error_vs_serial_same_precision,normal,fp64,22.0,50000000,12,7.78314283931983e-15,1.41821527270469e-14,3.555528908803918e-14,5.4215672026050994e-14,2.443326154943802e-13,5.828113251962055e-13,7.48433770915925e-13,1.7641874287608078e-13,2.2718338808764234e-13
parallel_error_vs_serial_same_precision,normal,mixed_fp32_fp64,1.0,1000000,12,0.0,0.0,0.0,0.0,0.0,0.0,0.0,0.0,0.0
parallel_error_vs_serial_same_precision,normal,mixed_fp32_fp64,1.0,1919384,12,0.0,0.0,0.0,0.0,0.0,0.0,0.0,0.0,0.0
parallel_error_vs_serial_same_precision,normal,mixed_fp32_fp64,1.0,3684032,12,0.0,0.0,0.0,0.0,0.0,0.0,0.0,0.0,0.0
parallel_error_vs_serial_same_precision,normal,mixed_fp32_fp64,1.0,7071068,12,0.0,0.0,0.0,0.0,0.0,0.0,0.0,0.0,0.0
parallel_error_vs_serial_same_precision,normal,mixed_fp32_fp64,1.0,13572088,12,0.0,0.0,0.0,0.0,0.0,0.0,0.0,0.0,0.0
parallel_error_vs_serial_same_precision,normal,mixed_fp32_fp64,1.0,26050038,12,0.0,0.0,0.0,0.0,0.0,0.0,0.0,0.0,0.0
parallel_error_vs_serial_same_precision,normal,mixed_fp32_fp64,1.0,50000000,12,0.0,0.0,0.0,0.0,0.0,0.0,0.0,0.0,0.0
parallel_error_vs_serial_same_precision,normal,mixed_fp32_fp64,2.0,1000000,12,0.0,0.0,0.0,0.0,4.1628040712754825e-16,1.323926440934289e-15,1.4723619614116425e-15,3.0902457184052742e-16,5.12260416299333e-16
parallel_error_vs_serial_same_precision,normal,mixed_fp32_fp64,2.0,1919384,12,0.0,0.0,1.548555539022687e-16,3.0443160911942337e-16,5.851712043567752e-16,1.2666527637677343e-15,1.4793925710329533e-15,4.3973390487425526e-16,4.492018909240567e-16
parallel_error_vs_serial_same_precision,normal,mixed_fp32_fp64,2.0,3684032,12,0.0,0.0,1.9470359561182891e-16,2.8234640239847917e-16,4.800470179379532e-16,5.359186910444353e-15,8.16900316196221e-15,1.1605242186370803e-15,2.3571345664643977e-15
parallel_error_vs_serial_same_precision,normal,mixed_fp32_fp64,2.0,7071068,12,0.0,0.0,9.361710526131486e-17,2.2469992848968704e-16,3.240833713531155e-16,2.4065284226081915e-15,3.0235519562990504e-15,5.490532978855332e-16,9.332713509530888e-16
parallel_error_vs_serial_same_precision,normal,mixed_fp32_fp64,2.0,13572088,12,0.0,0.0,1.4645461017442957e-16,3.548666573179109e-16,1.0515669399351594e-15,3.752492961246161e-15,5.5784664444711216e-15,1.0383390574929774e-15,1.6254060970926703e-15
parallel_error_vs_serial_same_precision,normal,mixed_fp32_fp64,2.0,26050038,12,4.821497703971456e-16,5.38876641521096e-16,9.936016547466424e-16,1.6693704590000853e-15,2.397715283493827e-15,4.781297153691266e-15,6.014113829339328e-15,2.0447981555845072e-15,1.573076823674097e-15
parallel_error_vs_serial_same_precision,normal,mixed_fp32_fp64,2.0,50000000,12,0.0,1.7923493268159707e-16,4.852412961831245e-16,1.1433798155691678e-15,1.8783759665566623e-15,3.744937947056673e-15,3.975482937728982e-15,1.450544908805892e-15,1.291167981356285e-15
parallel_error_vs_serial_same_precision,normal,mixed_fp32_fp64,4.0,1000000,12,0.0,0.0,0.0,1.579436052695561e-16,2.8338111428742025e-16,1.4861936270367956e-15,1.503098996134205e-15,3.415913006943186e-16,5.493350820424975e-16
parallel_error_vs_serial_same_precision,normal,mixed_fp32_fp64,4.0,1919384,12,0.0,7.153311599977179e-17,1.6727589892611512e-16,3.000340508352378e-16,7.492765548371093e-16,1.2751017355118112e-15,1.775271085239544e-15,5.006102158018297e-16,4.914780461882063e-16
parallel_error_vs_serial_same_precision,normal,mixed_fp32_fp64,4.0,3684032,12,0.0,6.436264033998272e-17,1.8018479721404815e-16,4.3709308251354923e-16,8.950019183955287e-16,1.271128975621033e-14,2.450700948588663e-14,2.6582220206743618e-15,6.931446593798469e-15
parallel_error_vs_serial_same_precision,normal,mixed_fp32_fp64,4.0,7071068,12,0.0,0.0,1.5098350762032964e-16,3.3735737778304754e-16,6.745375200607868e-16,1.4100788023332414e-15,1.9016909859520358e-15,4.982735573345831e-16,5.435273717181644e-16
parallel_error_vs_serial_same_precision,normal,mixed_fp32_fp64,4.0,13572088,12,1.2194488755880199e-16,1.7880354583396575e-16,2.981488122129498e-16,8.656565958768834e-16,2.0702182856972263e-15,4.413100829670372e-15,7.046483929858259e-15,1.4789390258184037e-15,1.9164264705854777e-15
parallel_error_vs_serial_same_precision,normal,mixed_fp32_fp64,4.0,26050038,12,0.0,2.3221561779610314e-16,1.0727299977986505e-15,1.52817191523638e-15,2.2550346135892807e-15,5.305835749422099e-15,5.665259802166461e-15,2.0126540203604374e-15,1.7031207385912936e-15
parallel_error_vs_serial_same_precision,normal,mixed_fp32_fp64,4.0,50000000,12,1.660598760547289e-16,2.623080223521897e-16,4.0505072741924836e-16,1.6850299281164827e-15,2.632853627609405e-15,3.916497067407862e-15,4.69829801731607e-15,1.7755970742549884e-15,1.424040943391082e-15
parallel_error_vs_serial_same_precision,normal,mixed_fp32_fp64,8.0,1000000,12,0.0,0.0,1.2779809533703895e-16,2.277041733930701e-16,3.520850389025052e-16,9.939728574685082e-16,1.202479196907364e-15,3.233887076123561e-16,3.567822233853032e-16
parallel_error_vs_serial_same_precision,normal,mixed_fp32_fp64,8.0,1919384,12,0.0,0.0,2.4006982864324523e-16,2.931411253670734e-16,6.0748212118865825e-16,8.756657413329143e-16,8.876355426197718e-16,3.8198153116125854e-16,2.971918742239782e-16
parallel_error_vs_serial_same_precision,normal,mixed_fp32_fp64,8.0,3684032,12,0.0,1.0400937391368086e-16,2.1219742841210997e-16,3.3157951639462847e-16,5.59774737421333e-16,1.548966891906059e-14,3.267601264784884e-14,3.0987538176472032e-15,9.321321695157095e-15
parallel_error_vs_serial_same_precision,normal,mixed_fp32_fp64,8.0,7071068,12,0.0,6.865254385829756e-17,1.5921392456250993e-16,3.003951836614292e-16,7.999359273878201e-16,2.4065284226081915e-15,3.0235519562990504e-15,7.224855098892654e-16,9.23811065295358e-16
parallel_error_vs_serial_same_precision,normal,mixed_fp32_fp64,8.0,13572088,12,0.0,6.196417321625243e-17,1.5077810742484865e-16,4.857480782800817e-16,1.6563551462556747e-15,2.463096523977593e-15,2.6027580818598047e-15,8.877533622835883e-16,9.275843907851603e-16
parallel_error_vs_serial_same_precision,normal,mixed_fp32_fp64,8.0,26050038,12,3.449049615598928e-16,3.698133959302054e-16,4.6106647872931e-16,1.2952295703576147e-15,2.357164013891785e-15,6.325865777756369e-15,6.7068959369327535e-15,2.0109229061648752e-15,2.1717516738911743e-15
parallel_error_vs_serial_same_precision,normal,mixed_fp32_fp64,8.0,50000000,12,1.6294084789236096e-16,1.6465631338166334e-16,9.077489740180648e-16,1.60152390949062e-15,2.199485515713816e-15,2.6224494915413458e-15,2.735623251858227e-15,1.500287581423155e-15,8.739967526401557e-16
parallel_error_vs_serial_same_precision,normal,mixed_fp32_fp64,16.0,1000000,12,0.0,0.0,1.645124847120098e-16,2.9425733822034327e-16,4.4041264261605525e-16,1.8973742711649775e-15,2.404958393814728e-15,5.305354352148144e-16,7.083031271966973e-16
parallel_error_vs_serial_same_precision,normal,mixed_fp32_fp64,16.0,1919384,12,0.0,0.0,1.0307097065709785e-16,2.7974607070982136e-16,3.7463827741855467e-16,4.963343515956788e-16,5.73821062263712e-16,2.557617281363392e-16,1.8763479240964454e-16
parallel_error_vs_serial_same_precision,normal,mixed_fp32_fp64,16.0,3684032,12,0.0,9.092788097918081e-17,1.9470359561182891e-16,4.172245187013163e-16,5.159071814008301e-16,9.622175753188884e-15,2.0422507904905525e-14,2.041148526713628e-15,5.792437111692907e-15
parallel_error_vs_serial_same_precision,normal,mixed_fp32_fp64,16.0,7071068,12,0.0,6.785494467444279e-17,1.3230210191792919e-16,3.8999868487208745e-16,9.46339873671083e-16,4.238239984655323e-15,7.558879890747627e-15,1.0971558303655227e-15,2.095134823855924e-15
parallel_error_vs_serial_same_precision,normal,mixed_fp32_fp64,16.0,13572088,12,0.0,0.0,1.7955138906763852e-16,6.88443617218516e-16,1.7682609077375165e-15,2.846837786297639e-15,3.8168454620065566e-15,1.042797406367809e-15,1.1424260281767395e-15
parallel_error_vs_serial_same_precision,normal,mixed_fp32_fp64,16.0,26050038,12,1.7245248077994643e-16,2.9003966575488465e-16,6.955343476127419e-16,8.650899932501722e-16,1.6858870668555618e-15,3.738842238898395e-15,4.209879680537529e-15,1.4090396982908188e-15,1.2371669732571523e-15
parallel_error_vs_serial_same_precision,normal,mixed_fp32_fp64,16.0,50000000,12,0.0,0.0,3.3419937360512077e-16,9.580110587696517e-16,1.8154930550056105e-15,2.444801412316735e-15,3.0662841006025227e-15,1.130887185172035e-15,9.6498123638459e-16
parallel_error_vs_serial_same_precision,normal,mixed_fp32_fp64,22.0,1000000,12,0.0,0.0,0.0,1.7002997731519994e-16,3.2440908497045435e-16,1.4009660984367038e-15,1.503098996134205e-15,3.5084181031606414e-16,5.121076748910297e-16
parallel_error_vs_serial_same_precision,normal,mixed_fp32_fp64,22.0,1919384,12,1.3006021090867596e-16,1.4085431779953416e-16,2.3174985227797855e-16,3.5523806554440976e-16,4.6708639211546435e-16,7.34353149455769e-16,8.876355426197718e-16,3.87399885340935e-16,2.196054628888477e-16
parallel_error_vs_serial_same_precision,normal,mixed_fp32_fp64,22.0,3684032,12,0.0,9.144085303786486e-17,1.8777496546951525e-16,3.812127865570304e-16,4.36835126386241e-16,4.4615146504116254e-15,8.16900316196221e-15,1.0433775800982326e-15,2.2716475128876267e-15
parallel_error_vs_serial_same_precision,normal,mixed_fp32_fp64,22.0,7071068,12,0.0,6.865254385829756e-17,1.5347660592127722e-16,2.8995380011080066e-16,7.820203228075815e-16,1.7438096207086104e-15,2.015701304199367e-15,5.62566714217344e-16,6.283013641215709e-16
parallel_error_vs_serial_same_precision,normal,mixed_fp32_fp64,22.0,13572088,12,1.2194488755880199e-16,1.7880354583396575e-16,2.981488122129498e-16,5.193939575261301e-16,1.4380031877679819e-15,2.0841126964554896e-15,2.34882797661942e-15,9.127927575255682e-16,7.68314665133608e-16
parallel_error_vs_serial_same_precision,normal,mixed_fp32_fp64,22.0,26050038,12,0.0,7.740520593203439e-17,4.550220928900951e-16,7.811716559850541e-16,1.929093586866483e-15,6.504803188322393e-15,1.1419840040339048e-14,1.8779684377192137e-15,3.122560622960234e-15
parallel_error_vs_serial_same_precision,normal,mixed_fp32_fp64,22.0,50000000,12,0.0,0.0,3.736347211231401e-16,1.3089923210856242e-15,1.8393571683374264e-15,2.1892655488684305e-15,2.190202929001802e-15,1.1505412812402709e-15,8.633641350580361e-16
parallel_error_vs_serial_same_precision,positive_uniform,fp64,1.0,1000000,12,0.0,0.0,0.0,0.0,0.0,0.0,0.0,0.0,0.0
parallel_error_vs_serial_same_precision,positive_uniform,fp64,1.0,1919384,12,0.0,0.0,0.0,0.0,0.0,0.0,0.0,0.0,0.0
parallel_error_vs_serial_same_precision,positive_uniform,fp64,1.0,3684032,12,0.0,0.0,0.0,0.0,0.0,0.0,0.0,0.0,0.0
parallel_error_vs_serial_same_precision,positive_uniform,fp64,1.0,7071068,12,0.0,0.0,0.0,0.0,0.0,0.0,0.0,0.0,0.0
parallel_error_vs_serial_same_precision,positive_uniform,fp64,1.0,13572088,12,0.0,0.0,0.0,0.0,0.0,0.0,0.0,0.0,0.0
parallel_error_vs_serial_same_precision,positive_uniform,fp64,1.0,26050038,12,0.0,0.0,0.0,0.0,0.0,0.0,0.0,0.0,0.0
parallel_error_vs_serial_same_precision,positive_uniform,fp64,1.0,50000000,12,0.0,0.0,0.0,0.0,0.0,0.0,0.0,0.0,0.0
parallel_error_vs_serial_same_precision,positive_uniform,fp64,2.0,1000000,12,3.1446737086559214e-15,3.1449792366203355e-15,5.09290903807592e-15,1.629377571096738e-14,3.171125359345587e-14,5.578921645217379e-14,6.578294796136592e-14,2.210689623151084e-14,2.0257822022773677e-14
parallel_error_vs_serial_same_precision,positive_uniform,fp64,2.0,1919384,12,1.0195002345007649e-14,1.3657192938659854e-14,2.0943627603909343e-14,2.7965840253034533e-14,3.4710490571699575e-14,5.31487454457082e-14,5.4060866145238116e-14,2.9549519943354526e-14,1.332848070639442e-14
parallel_error_vs_serial_same_precision,positive_uniform,fp64,2.0,3684032,12,2.9092149777348377e-15,3.5339524833540308e-15,1.112218730338589e-14,3.222413366856493e-14,6.029083769975322e-14,9.5585167765153e-14,1.1800791013697705e-13,3.952438910733363e-14,3.6046004750462465e-14
parallel_error_vs_serial_same_precision,positive_uniform,fp64,2.0,7071068,12,6.583951996482583e-15,7.742102323695757e-15,4.22817986466211e-14,8.027547061857838e-14,1.0057623299991226e-13,1.3238280916665617e-13,1.3744926311723826e-13,7.491541548277327e-14,4.3765768113654855e-14
parallel_error_vs_serial_same_precision,positive_uniform,fp64,2.0,13572088,12,1.3719310721271281e-15,3.786676139293946e-15,2.1173203287909754e-14,5.5718764084500025e-14,1.225114729275015e-13,1.6130401137303076e-13,1.9512655534332799e-13,6.980446519876088e-14,6.230601925865529e-14
parallel_error_vs_serial_same_precision,positive_uniform,fp64,2.0,26050038,12,1.5015550849768987e-14,2.146622826778206e-14,3.836119991607335e-14,8.673422687537768e-14,1.6034708555816065e-13,2.1917533853129734e-13,2.2089318227999226e-13,1.0341461394947963e-13,7.270826556986256e-14
parallel_error_vs_serial_same_precision,positive_uniform,fp64,2.0,50000000,12,1.9518911727077176e-14,2.4601285232661315e-14,4.634468668711758e-14,8.843687722537009e-14,1.9057890260606887e-13,3.3836024364593713e-13,3.8843138966490845e-13,1.329953478683059e-13,1.191461800386153e-13
parallel_error_vs_serial_same_precision,positive_uniform,fp64,4.0,1000000,12,2.0950915572909235e-15,4.2097577758845675e-15,1.0129393974622744e-14,2.3393941383542404e-14,3.1976954239724037e-14,6.523630750079148e-14,6.543427509231273e-14,2.5939067773402837e-14,2.119425458374241e-14
parallel_error_vs_serial_same_precision,positive_uniform,fp64,4.0,1919384,12,6.789956490250791e-15,7.991004718821775e-15,1.2890835763426354e-14,2.323401521694056e-14,5.427620570394142e-14,6.723658763510422e-14,7.284863528815955e-14,3.150543160435639e-14,2.3514085354503285e-14
parallel_error_vs_serial_same_precision,positive_uniform,fp64,4.0,3684032,12,1.3020169975423604e-14,1.6353390187924047e-14,3.0359128304470606e-14,3.968584203368876e-14,6.397025931358151e-14,9.298232746413659e-14,1.011316368481199e-13,4.8174340833631916e-14,2.710254078335875e-14
parallel_error_vs_serial_same_precision,positive_uniform,fp64,4.0,7071068,12,4.345408317678505e-15,4.4175097044624815e-15,3.615252950425885e-14,7.789416269221642e-14,1.137960699675645e-13,1.5867615104664135e-13,1.837983470345397e-13,7.872334827116545e-14,5.692080054050987e-14
parallel_error_vs_serial_same_precision,positive_uniform,fp64,4.0,13572088,12,8.785971121651038e-15,1.4669689602678648e-14,5.1138817012306346e-14,8.232866097426673e-14,1.0041129151799385e-13,1.1505767818871284e-13,1.1597872644757614e-13,7.377132294508327e-14,3.673746570250631e-14
parallel_error_vs_serial_same_precision,positive_uniform,fp64,4.0,26050038,12,1.3294339300886784e-14,1.4162352767368444e-14,4.240073177776825e-14,7.372161749213651e-14,1.9591025729051232e-13,2.2949867067433146e-13,2.3492103829818826e-13,1.0519071683035324e-13,8.541867020273853e-14
parallel_error_vs_serial_same_precision,positive_uniform,fp64,4.0,50000000,12,7.300776739053995e-15,1.4761059521625022e-14,8.005315093286024e-14,1.513876328197636e-13,2.0864768385648882e-13,2.804750679129593e-13,2.823761183566426e-13,1.479865000585966e-13,9.625338907635943e-14
parallel_error_vs_serial_same_precision,positive_uniform,fp64,8.0,1000000,12,3.4918108134715427e-16,4.131982324973323e-16,6.2869112829321826e-15,1.9262354833896725e-14,3.3489896450755144e-14,6.272690517366682e-14,6.495792197027783e-14,2.3573002236449634e-14,2.1831467774627117e-14
parallel_error_vs_serial_same_precision,positive_uniform,fp64,8.0,1919384,12,5.334965813768478e-15,5.33537068540112e-15,1.9170401788764575e-14,2.917986101019159e-14,5.426634897785132e-14,6.157916111782146e-14,6.230315896524794e-14,3.3195518258141547e-14,2.161215992530649e-14
parallel_error_vs_serial_same_precision,positive_uniform,fp64,8.0,3684032,12,4.8035578550106495e-15,8.06700929224602e-15,2.197233102679766e-14,5.523030341973287e-14,6.618243617174848e-14,9.09800187452191e-14,1.0656746232870633e-13,4.812156635028432e-14,3.079501737214765e-14
parallel_error_vs_serial_same_precision,positive_uniform,fp64,8.0,7071068,12,7.903676854226253e-15,9.785073173074337e-15,4.279848248164357e-14,6.854768457431273e-14,1.2482839018988557e-13,1.5536371980590224e-13,1.7629368673298618e-13,7.920530455162956e-14,5.421426642990058e-14
parallel_error_vs_serial_same_precision,positive_uniform,fp64,8.0,13572088,12,1.7837136206551065e-15,1.1071274877724447e-14,5.214012137657842e-14,7.388159119854701e-14,1.0249345917695464e-13,1.150051342790892e-13,1.1800902784476938e-13,7.215876934649516e-14,3.75503623815753e-14
parallel_error_vs_serial_same_precision,positive_uniform,fp64,8.0,26050038,12,3.4321259085186257e-15,2.1758070556120414e-14,4.562274180315861e-14,5.762344278206398e-14,1.6867639979718377e-13,1.8608801692853848e-13,2.0189822716586254e-13,9.204825057902784e-14,6.759085380098667e-14
parallel_error_vs_serial_same_precision,positive_uniform,fp64,8.0,50000000,12,1.4899544365416314e-14,2.637361902198998e-14,8.430670120327757e-14,1.4058850525075704e-13,2.284446616905555e-13,2.897223732713299e-13,2.956050088364994e-13,1.5346113472883368e-13,9.94455314542408e-14
parallel_error_vs_serial_same_precision,positive_uniform,fp64,16.0,1000000,12,2.909842344559619e-15,3.7420631410174e-15,4.979730225698634e-15,1.8855017100433027e-14,3.060934110137189e-14,5.976587084952459e-14,6.065067624823432e-14,2.2826107394401977e-14,1.999499286875873e-14
parallel_error_vs_serial_same_precision,positive_uniform,fp64,16.0,1919384,12,7.397223149649733e-15,9.330586957831917e-15,1.871529075706447e-14,2.5885991339097928e-14,5.271775583306801e-14,5.685955189849303e-14,5.696981461802827e-14,3.151877954609852e-14,1.902236053125652e-14
parallel_error_vs_serial_same_precision,positive_uniform,fp64,16.0,3684032,12,2.7799506487373327e-15,6.187265535041429e-15,1.674363709698528e-14,5.711806900143845e-14,6.670465945527538e-14,9.260521926108679e-14,1.0201653867054095e-13,4.8511899099078966e-14,3.305102801620176e-14
parallel_error_vs_serial_same_precision,positive_uniform,fp64,16.0,7071068,12,1.3172794757043756e-15,1.89639825937052e-15,4.9085784187676715e-14,7.03221328380176e-14,1.1797967511375683e-13,1.5278977914790543e-13,1.7234386552164222e-13,7.888703636719652e-14,5.368123377786133e-14
parallel_error_vs_serial_same_precision,positive_uniform,fp64,16.0,13572088,12,7.409271962721214e-15,1.0658102997913341e-14,4.3876523368657294e-14,8.396568108298364e-14,1.0005862424788057e-13,1.1142999361215612e-13,1.1526463184837937e-13,7.09233670320125e-14,3.788609297596764e-14
parallel_error_vs_serial_same_precision,positive_uniform,fp64,16.0,26050038,12,1.1869435433626914e-14,2.6655990560559286e-14,4.4546137442748535e-14,7.269673981498136e-14,1.5781302727445865e-13,1.9602525501223684e-13,2.0547291249103717e-13,9.476427901026641e-14,6.626312535949813e-14
parallel_error_vs_serial_same_precision,positive_uniform,fp64,16.0,50000000,12,1.4899544365416315e-16,1.678554839856412e-14,7.742054461734767e-14,1.191980470118495e-13,1.9114597393893089e-13,2.808928503452552e-13,3.058856265833333e-13,1.3707099461352755e-13,9.833951984605979e-14
parallel_error_vs_serial_same_precision,positive_uniform,fp64,22.0,1000000,12,3.259023425906773e-15,3.7711612546780636e-15,4.600736621967126e-15,1.856400028037342e-14,3.1133096879024564e-14,6.215596981425476e-14,6.297891717906865e-14,2.3194340829204064e-14,2.0972810072840125e-14
parallel_error_vs_serial_same_precision,positive_uniform,fp64,22.0,1919384,12,5.093170037463751e-15,6.559899167873472e-15,1.932192787000507e-14,2.8756505462857106e-14,5.302564001313113e-14,5.662158263151582e-14,5.676933694614601e-14,3.1569369492949926e-14,1.9104144445178815e-14
parallel_error_vs_serial_same_precision,positive_uniform,fp64,22.0,3684032,12,7.458155616990221e-15,8.42957996159123e-15,1.8829202557877e-14,5.579971137973878e-14,6.593311698488322e-14,9.322416614431376e-14,1.013844659402402e-13,4.892289004903817e-14,3.193917745381799e-14
parallel_error_vs_serial_same_precision,positive_uniform,fp64,22.0,7071068,12,2.1068646388744265e-15,6.889019522920227e-15,4.6357081936791326e-14,7.144265257264096e-14,1.2061224536084335e-13,1.5421040757187255e-13,1.7919022228797178e-13,7.864623561551209e-14,5.4217977214200386e-14
parallel_error_vs_serial_same_precision,positive_uniform,fp64,22.0,13572088,12,1.0016238023678676e-14,1.1680228846690822e-14,4.157229743158651e-14,7.875214160071551e-14,1.0088649980262328e-13,1.139959674248043e-13,1.2130230304043733e-13,7.025991935688646e-14,3.791120888054484e-14
parallel_error_vs_serial_same_precision,positive_uniform,fp64,22.0,26050038,12,1.530156134214554e-14,2.7178223490025042e-14,4.56181657034772e-14,8.200202726612045e-14,1.4848640359809193e-13,1.9194298029832913e-13,1.967506802976111e-13,9.443050967952669e-14,6.155199319457612e-14
parallel_error_vs_serial_same_precision,positive_uniform,fp64,22.0,50000000,12,2.234931654812448e-15,2.796839889022735e-14,5.6741769761612776e-14,1.2330093511494373e-13,1.7769757454733705e-13,2.8350024503188e-13,3.142293163488797e-13,1.3573043253604355e-13,9.524791154396751e-14
parallel_error_vs_serial_same_precision,positive_uniform,mixed_fp32_fp64,1.0,1000000,12,0.0,0.0,0.0,0.0,0.0,0.0,0.0,0.0,0.0
parallel_error_vs_serial_same_precision,positive_uniform,mixed_fp32_fp64,1.0,1919384,12,0.0,0.0,0.0,0.0,0.0,0.0,0.0,0.0,0.0
parallel_error_vs_serial_same_precision,positive_uniform,mixed_fp32_fp64,1.0,3684032,12,0.0,0.0,0.0,0.0,0.0,0.0,0.0,0.0,0.0
parallel_error_vs_serial_same_precision,positive_uniform,mixed_fp32_fp64,1.0,7071068,12,0.0,0.0,0.0,0.0,0.0,0.0,0.0,0.0,0.0
parallel_error_vs_serial_same_precision,positive_uniform,mixed_fp32_fp64,1.0,13572088,12,0.0,0.0,0.0,0.0,0.0,0.0,0.0,0.0,0.0
parallel_error_vs_serial_same_precision,positive_uniform,mixed_fp32_fp64,1.0,26050038,12,0.0,0.0,0.0,0.0,0.0,0.0,0.0,0.0,0.0
parallel_error_vs_serial_same_precision,positive_uniform,mixed_fp32_fp64,1.0,50000000,12,0.0,0.0,0.0,0.0,0.0,0.0,0.0,0.0,0.0
parallel_error_vs_serial_same_precision,positive_uniform,mixed_fp32_fp64,2.0,1000000,12,0.0,6.401668648044161e-17,2.0343954393624105e-16,6.400876950185409e-16,1.22256026168944e-15,1.8280282516678584e-15,2.212918535838648e-15,7.664557926752329e-16,6.92491535015974e-16
parallel_error_vs_serial_same_precision,positive_uniform,mixed_fp32_fp64,2.0,1919384,12,0.0,6.67095385138279e-17,3.6372028011455145e-16,1.5768708756331746e-15,2.848028563541206e-15,4.221260606563101e-15,4.4868402711275695e-15,1.798889727539019e-15,1.634388279865632e-15
parallel_error_vs_serial_same_precision,positive_uniform,mixed_fp32_fp64,2.0,3684032,12,5.056123261704662e-16,6.449346522877912e-16,1.5475488525856047e-15,2.3382107791378283e-15,5.435033522807584e-15,8.246744937146438e-15,8.592574733000259e-15,3.633483421961921e-15,2.829156899494925e-15
parallel_error_vs_serial_same_precision,positive_uniform,mixed_fp32_fp64,2.0,7071068,12,6.58395199650733e-16,1.0206384228561968e-15,3.1611916818592533e-15,6.3865573588342654e-15,1.3166871739281249e-14,1.4540607104886225e-14,1.540735638662027e-14,7.572830974438186e-15,5.423105799886112e-15
parallel_error_vs_serial_same_precision,positive_uniform,mixed_fp32_fp64,2.0,13572088,12,1.0979769461308393e-15,2.381317422985539e-15,4.287934596236741e-15,6.6562573797575226e-15,1.2966152301264994e-14,2.962938321491497e-14,3.951307392833261e-14,1.1068905550595047e-14,1.1109253768379815e-14
parallel_error_vs_serial_same_precision,positive_uniform,mixed_fp32_fp64,2.0,26050038,12,2.001298389372083e-15,8.92136584545973e-15,1.651559852104027e-14,3.6322331779374556e-14,4.089936414584337e-14,6.706983444717515e-14,6.77691220952992e-14,3.409254178859419e-14,2.0113671234946876e-14
parallel_error_vs_serial_same_precision,positive_uniform,mixed_fp32_fp64,2.0,50000000,12,6.555804045028671e-15,9.588031800714551e-15,3.054832484017803e-14,4.499806490719583e-14,8.179888247267989e-14,1.240760944395912e-13,1.2966061935613482e-13,5.620141772040903e-14,4.1117803393244117e-14
parallel_error_vs_serial_same_precision,positive_uniform,mixed_fp32_fp64,4.0,1000000,12,0.0,6.399722604058708e-17,3.200859080438912e-16,8.147299965872482e-16,1.2220920132585853e-15,2.166500514824195e-15,2.678796122330994e-15,9.023163990970194e-16,7.679691826693483e-16
parallel_error_vs_serial_same_precision,positive_uniform,mixed_fp32_fp64,4.0,1919384,12,2.4242474305754967e-16,2.424251091674003e-16,3.33746114319295e-16,2.1826530353212537e-15,3.1539483960740753e-15,4.045076099662556e-15,4.243614261487011e-15,2.0011736100739185e-15,1.567293551019252e-15
parallel_error_vs_serial_same_precision,positive_uniform,mixed_fp32_fp64,4.0,3684032,12,2.527517150549037e-16,3.920110087820942e-16,1.2956136027639893e-15,3.2227458786846578e-15,5.781670235226455e-15,6.9523243679326316e-15,6.9525179480894e-15,3.622959667275019e-15,2.58140690265957e-15
parallel_error_vs_serial_same_precision,positive_uniform,mixed_fp32_fp64,4.0,7071068,12,1.317019241842485e-16,2.0408788640830855e-16,4.0175701380712646e-15,8.361419249951832e-15,9.582730807283561e-15,1.5310566299764764e-14,2.0016394621934024e-14,7.62787113063446e-15,5.600195801003173e-15
parallel_error_vs_serial_same_precision,positive_uniform,mixed_fp32_fp64,4.0,13572088,12,0.0,2.2637076012820353e-16,2.9844340144048702e-15,6.998798740126186e-15,1.561125730284849e-14,2.888177221343672e-14,3.567152507418916e-14,1.085179935716639e-14,1.0740659576134892e-14
parallel_error_vs_serial_same_precision,positive_uniform,mixed_fp32_fp64,4.0,26050038,12,2.144663356723168e-15,2.9318776423410625e-15,1.4121749523027959e-14,2.4022751587837808e-14,4.5758402847640985e-14,6.994709642055847e-14,8.30863610635104e-14,3.100529569219809e-14,2.4707709715508266e-14
parallel_error_vs_serial_same_precision,positive_uniform,mixed_fp32_fp64,4.0,50000000,12,1.2667381765953327e-14,1.5370132761096286e-14,2.0377159979409728e-14,4.089937954080406e-14,6.992386963989073e-14,1.3374499396848398e-13,1.4096454246190594e-13,5.51083492691332e-14,4.575614062374484e-14
parallel_error_vs_serial_same_precision,positive_uniform,mixed_fp32_fp64,8.0,1000000,12,2.324485793644456e-16,2.326352336748837e-16,3.200062971535773e-16,8.147701446780584e-16,1.1929866279045826e-15,2.073336313368045e-15,2.329387932461734e-15,9.216670612490904e-16,6.925732272653236e-16
parallel_error_vs_serial_same_precision,positive_uniform,mixed_fp32_fp64,8.0,1919384,12,0.0,6.66870726738621e-17,4.853474767648774e-16,2.0004273620344085e-15,3.0938135320974275e-15,4.286421253468778e-15,4.4861065050005535e-15,1.940585219654764e-15,1.5855018860228604e-15
parallel_error_vs_serial_same_precision,positive_uniform,mixed_fp32_fp64,8.0,3684032,12,2.527517150549037e-16,3.2244282453024734e-16,1.358837812596605e-15,3.2860333389159762e-15,6.160787745425908e-15,7.388426298486053e-15,7.458155617041356e-15,3.75990643384957e-15,2.807675278765976e-15
parallel_error_vs_serial_same_precision,positive_uniform,mixed_fp32_fp64,8.0,7071068,12,7.899382937748911e-16,1.2247049318147412e-15,4.709042665654481e-15,8.229758542907573e-15,9.352010692368102e-15,1.5508232718000463e-14,1.9489647395041023e-14,7.78144967649009e-15,5.152557427346046e-15
parallel_error_vs_serial_same_precision,positive_uniform,mixed_fp32_fp64,8.0,13572088,12,4.1158320023309734e-16,5.625364752433165e-16,1.4068309148687068e-15,8.09671971130827e-15,1.3656578455086819e-14,2.8181924171582132e-14,3.663191228772503e-14,1.0222753471206982e-14,1.0727950054821056e-14
parallel_error_vs_serial_same_precision,positive_uniform,mixed_fp32_fp64,8.0,26050038,12,7.151924115693226e-16,2.1305026827094e-15,1.136883694970641e-14,2.5022011300797593e-14,4.786759773412952e-14,6.647223772830941e-14,7.8510175944694e-14,3.045694970407015e-14,2.3917773184172217e-14
parallel_error_vs_serial_same_precision,positive_uniform,mixed_fp32_fp64,8.0,50000000,12,3.87472854017396e-15,7.479956382478369e-15,2.3094925766083508e-14,3.292809317580771e-14,7.626196841561096e-14,1.365621995288571e-13,1.3737379904958141e-13,5.522021056872029e-14,4.8529039873932106e-14
parallel_error_vs_serial_same_precision,positive_uniform,mixed_fp32_fp64,16.0,1000000,12,2.324485793644456e-16,2.325963127951747e-16,2.3279537776301914e-16,8.148854991116262e-16,1.1639381380643208e-15,2.061678057863417e-15,2.4458573290848207e-15,9.21674286203543e-16,6.996618088280914e-16
parallel_error_vs_serial_same_precision,positive_uniform,mixed_fp32_fp64,16.0,1919384,12,0.0,1.3333397479150294e-16,4.547813622323983e-16,2.000361382576138e-15,3.3359334602311022e-15,4.263319118824745e-15,4.7285987485140974e-15,1.9911163813066733e-15,1.6242306502043302e-15
parallel_error_vs_serial_same_precision,positive_uniform,mixed_fp32_fp64,16.0,3684032,12,1.2637585752745187e-16,4.742782413984347e-16,1.390424512312669e-15,3.4124020526745887e-15,6.066528669207492e-15,7.570520794456426e-15,7.710974451517334e-15,3.854704625945808e-15,2.791762237457716e-15
parallel_error_vs_serial_same_precision,positive_uniform,mixed_fp32_fp64,16.0,7071068,12,1.184907440662337e-15,1.1851328730100817e-15,5.400614390411572e-15,8.361434804026694e-15,9.022138639901852e-15,1.518555463881156e-14,1.9094586974871276e-14,7.759495937376656e-15,5.004789198634361e-15
parallel_error_vs_serial_same_precision,positive_uniform,mixed_fp32_fp64,16.0,13572088,12,0.0,5.282536491937918e-16,1.612508664610867e-15,8.43951493446658e-15,1.3828378485818469e-14,2.828485027314523e-14,3.635751594100049e-14,1.0371370511167117e-14,1.0566968084953667e-14
parallel_error_vs_serial_same_precision,positive_uniform,mixed_fp32_fp64,16.0,26050038,12,1.2873463408247809e-15,1.7588706995688938e-15,1.1726345352102145e-14,2.3808596020460782e-14,5.033433990683794e-14,6.711567281946688e-14,7.836717015973097e-14,3.0552338495100434e-14,2.442381017188001e-14
parallel_error_vs_serial_same_precision,positive_uniform,mixed_fp32_fp64,16.0,50000000,12,1.7883362493110583e-15,5.967446997650055e-15,2.2722957336291556e-14,3.113965836825773e-14,7.64483603770077e-14,1.3138421063675813e-13,1.342448947328339e-13,5.3543923965350186e-14,4.82385622055958e-14
parallel_error_vs_serial_same_precision,positive_uniform,mixed_fp32_fp64,22.0,1000000,12,1.1639397541898474e-16,1.802240075889882e-16,3.200062971535773e-16,8.730458344050857e-16,1.1929866279045826e-15,2.061678057863417e-15,2.4458573290848207e-15,9.313706403154125e-16,7.076059504886219e-16
parallel_error_vs_serial_same_precision,positive_uniform,mixed_fp32_fp64,22.0,1919384,12,0.0,1.333741453477242e-16,5.460779937781408e-16,2.121729364056635e-15,3.3061316883282243e-15,4.328846488749327e-15,4.7285987485140974e-15,2.021474575653665e-15,1.6372603757703868e-15
parallel_error_vs_serial_same_precision,positive_uniform,mixed_fp32_fp64,22.0,3684032,12,2.527517150549037e-16,6.007155615376349e-16,1.5484088212934768e-15,3.2860333389159762e-15,5.9401437888624796e-15,7.501019399689076e-15,7.710974451517334e-15,3.854708264022074e-15,2.685185924137783e-15
parallel_error_vs_serial_same_precision,positive_uniform,mixed_fp32_fp64,22.0,7071068,12,7.899382937748911e-16,1.1522688735134045e-15,5.400614390411572e-15,8.163897081235721e-15,9.186708338380471e-15,1.5172363256780763e-14,1.9226273781594524e-14,7.737543599645813e-15,5.0410457986159034e-15
parallel_error_vs_serial_same_precision,positive_uniform,mixed_fp32_fp64,22.0,13572088,12,5.490117228295743e-16,6.24339875486981e-16,1.4750611174191407e-15,8.302437522581402e-15,1.4034291605321496e-14,2.8223111095132214e-14,3.622031776763823e-14,1.0291366633085741e-14,1.0553792705971556e-14
parallel_error_vs_serial_same_precision,positive_uniform,mixed_fp32_fp64,22.0,26050038,12,1.0012693761970516e-15,2.180599660378695e-15,1.1726345352102145e-14,2.3236617476998063e-14,4.969086999930033e-14,6.669387648585183e-14,7.8653181729657e-14,3.038550978199014e-14,2.4232870161881596e-14
parallel_error_vs_serial_same_precision,positive_uniform,mixed_fp32_fp64,22.0,50000000,12,3.725700519398037e-15,6.6753658180634784e-15,2.2909214382679694e-14,3.151214525663181e-14,7.626201739964545e-14,1.3225583398213778e-13,1.3618183550034424e-13,5.402816309111876e-14,4.799005300691825e-14
