input_distribution,method,precision,threads,n,n_obs,best,median,mean,std,q25,q75,q05,q95
alternating_sign,openmp,fp64,1.0,1000000,8,0.000721451,0.00085752199999995,0.00096073474999995,0.00025354056734051616,0.000781194999999975,0.001084121499999925,0.000739028699999965,0.0013603733499999349
alternating_sign,openmp,fp64,1.0,1919384,8,0.001567072,0.00162669549999995,0.0016579947499999626,0.00012228938977305138,0.001603350749999925,0.0016412220000000001,0.0015759746000000002,0.001848395399999935
alternating_sign,openmp,fp64,1.0,3684032,8,0.003299867,0.0035078640000000003,0.003673646249999975,0.0004305758399491517,0.003428256749999925,0.003723039249999975,0.0033281837500000002,0.004377502349999965
alternating_sign,openmp,fp64,1.0,7071068,8,0.006209061,0.00743848249999995,0.009731783624999962,0.004054836516222672,0.006676242999999975,0.01361077225,0.006281601649999965,0.015342508149999936
alternating_sign,openmp,fp64,1.0,13572088,8,0.011165197,0.011553585000000002,0.011991544374999987,0.001306476414900126,0.011492031499999975,0.011775420750000001,0.011231873399999965,0.014007722149999999
alternating_sign,openmp,fp64,1.0,26050038,8,0.023117998,0.02583158899999995,0.02678556837499999,0.003497710181055602,0.02442696975,0.02799655275,0.02349811865,0.0323203477
alternating_sign,openmp,fp64,1.0,50000000,8,0.0398013929999999,0.0418556824999999,0.042340207999999935,0.0021640124636274393,0.040866888999999976,0.04362704125,0.0400349637499999,0.04545681679999993
alternating_sign,openmp,fp64,2.0,1000000,8,0.000303596,0.0003308975,0.0003781076249999625,0.00014008732833273665,0.000312858499999975,0.000350414999999925,0.000305264449999965,0.0005990147499999348
alternating_sign,openmp,fp64,2.0,1919384,8,0.0011135819999999,0.0012445490000000002,0.0012571463749999625,0.00011732958925906124,0.001159434749999925,0.001334505249999975,0.001126004549999935,0.001421966149999965
alternating_sign,openmp,fp64,2.0,3684032,8,0.001869472,0.0021656415,0.0026003057499999877,0.0012667646410686017,0.002033747999999975,0.0023346975,0.001879459249999965,0.004650976349999999
alternating_sign,openmp,fp64,2.0,7071068,8,0.003366373,0.0036696990000000002,0.0046881005,0.0026814449806618393,0.003535803,0.00412050625,0.00340414745,0.008901884099999997
alternating_sign,openmp,fp64,2.0,13572088,8,0.0066885929999999,0.010436932999999999,0.011721763749999963,0.005029004482701224,0.008433345499999976,0.013896878749999925,0.0067815659499999,0.01942806505
alternating_sign,openmp,fp64,2.0,26050038,8,0.012796571,0.01335029749999995,0.014249894624999988,0.0018427633803307503,0.0130144415,0.014906178,0.0128428277,0.0172689702
alternating_sign,openmp,fp64,2.0,50000000,8,0.0237556639999999,0.02515938499999995,0.025786530999999963,0.0019123623943893672,0.02453865375,0.026547501499999925,0.023991203499999933,0.0288112354
alternating_sign,openmp,fp64,4.0,1000000,8,0.000253639,0.0002657864999999,0.00029019312499995,8.021155909473014e-05,0.00025659024999992496,0.000267346,0.00025375135,0.0004119459499999349
alternating_sign,openmp,fp64,4.0,1919384,8,0.000409399,0.00058517099999995,0.0005848521249999751,0.0001416192178407762,0.0004665755,0.0006412587500000001,0.00042813345,0.000789215449999935
alternating_sign,openmp,fp64,4.0,3684032,8,0.0010093999999999,0.00126799449999995,0.0015844669999999625,0.0006432567282561889,0.0011115072500000002,0.002087342749999975,0.001011162949999935,0.002520417599999965
alternating_sign,openmp,fp64,4.0,7071068,8,0.002045491,0.00240044299999995,0.0024111427499999625,0.0003041016054271154,0.002292990999999975,0.0024583995,0.002063150949999965,0.0028535315999999346
alternating_sign,openmp,fp64,4.0,13572088,8,0.0042126899999999,0.00481920749999995,0.00785781837499995,0.005824501503453521,0.00441851675,0.0084977102499999,0.004240356099999935,0.017723771049999962
alternating_sign,openmp,fp64,4.0,26050038,8,0.008241029,0.0092826129999999,0.010924627249999925,0.004695712412039843,0.0082897527499999,0.010738973999999901,0.008256141649999965,0.018360894299999958
alternating_sign,openmp,fp64,4.0,50000000,8,0.0155185329999999,0.0184543214999999,0.019117955999999936,0.002753386114421813,0.01754635975,0.0211611632499999,0.015771353049999937,0.022882692849999966
alternating_sign,openmp,fp64,8.0,1000000,8,0.000134337,0.0002099065,0.00023718924999995,0.0001368802964050024,0.000153537749999925,0.0002329812499999,0.00013661235,0.00045507549999989987
alternating_sign,openmp,fp64,8.0,1919384,8,0.0010148119999999,0.010063416499999901,0.010790480499999937,0.00719630084479966,0.0062730344999999,0.01319832875,0.0027799043499999003,0.021510601149999996
alternating_sign,openmp,fp64,8.0,3684032,8,0.0098626619999999,0.014103471499999999,0.015376246624999963,0.0054552827410922124,0.01113014225,0.017832537499999974,0.010085081049999936,0.0238211027499999
alternating_sign,openmp,fp64,8.0,7071068,8,0.0041057649999999,0.0113186585,0.012092665624999988,0.0062835426868308635,0.008134371000000001,0.01607679875,0.004480740649999935,0.020851137349999996
alternating_sign,openmp,fp64,8.0,13572088,8,0.0068058629999999,0.01231269149999995,0.012839459874999962,0.0037596859653539244,0.010739994999999976,0.01580806975,0.007977141499999901,0.0175918027
alternating_sign,openmp,fp64,8.0,26050038,8,0.007220314,0.01640012199999995,0.015046854124999964,0.005483537073603241,0.01175549325,0.017803653749999926,0.0074208164,0.02169982929999993
alternating_sign,openmp,fp64,8.0,50000000,8,0.0116092539999999,0.017219914,0.017314117124999962,0.005163359852183378,0.0125314017499999,0.0206619655,0.0118891412999999,0.02412916585
alternating_sign,openmp,fp64,16.0,1000000,8,8.3427e-05,0.015617022500000001,0.012221723624999988,0.01055806238432728,0.00044276250000000004,0.019195968749999924,8.68416e-05,0.024526323749999995
alternating_sign,openmp,fp64,16.0,1919384,8,0.0063384699999999,0.020247217,0.01943771137499995,0.006555339252025974,0.0178889794999999,0.02190064275,0.0100363361999999,0.02697702064999993
alternating_sign,openmp,fp64,16.0,3684032,8,0.015603942,0.022338856999999948,0.021923314999999964,0.0032002310069697212,0.020572299750000002,0.0239131009999999,0.0172129725,0.025492093499999965
alternating_sign,openmp,fp64,16.0,7071068,8,0.009443862,0.02355737499999995,0.02319493562499999,0.00823880278397474,0.0188349145,0.028586637,0.011710211750000001,0.0332455767
alternating_sign,openmp,fp64,16.0,13572088,8,0.015580808,0.020201729499999953,0.02127467537499996,0.0054809822742732175,0.0169642885,0.0239173507499999,0.01579729875,0.029601612249999965
alternating_sign,openmp,fp64,16.0,26050038,8,0.0123983429999999,0.020669144,0.019597143374999963,0.004955896139301962,0.015509231749999927,0.022396465,0.013113282399999935,0.025821292099999935
alternating_sign,openmp,fp64,16.0,50000000,8,0.0171175159999999,0.0233806835,0.022722003999999976,0.0026715414565877363,0.021820544,0.023941423500000003,0.018744079399999933,0.025523575099999935
alternating_sign,openmp,fp64,22.0,1000000,8,0.0053627229999999,0.021251186,0.01985004524999999,0.009131322317526842,0.015106666000000001,0.024513084,0.006831423099999935,0.031114994150000002
alternating_sign,openmp,fp64,22.0,1919384,8,0.010684111,0.0195268485,0.02061426974999995,0.006423236259475525,0.017269803249999924,0.0258585812499999,0.0121826983,0.028784499199999897
alternating_sign,openmp,fp64,22.0,3684032,8,0.016739046,0.020342133499999998,0.022480347749999977,0.0069547517798758,0.01927954375,0.0224218002499999,0.01695663365,0.03381093029999996
alternating_sign,openmp,fp64,22.0,7071068,8,0.010398208,0.02102705999999995,0.02069016599999999,0.007390151778908769,0.01447861875,0.0274032305,0.011678708900000001,0.0287512082
alternating_sign,openmp,fp64,22.0,13572088,8,0.0140585009999999,0.03239696449999995,0.03042289449999995,0.00971495026906397,0.02469332925,0.0359286812499999,0.016532660099999937,0.04209148734999996
alternating_sign,openmp,fp64,22.0,26050038,8,0.012141288,0.02015242499999995,0.020066513124999977,0.00633789553942126,0.014484107750000001,0.02425822225,0.0126751318,0.028567338449999934
alternating_sign,openmp,fp64,22.0,50000000,8,0.0223824,0.026131602,0.027945599124999977,0.005989306886603772,0.023510160000000002,0.0307547759999999,0.0225605073,0.037160450349999964
alternating_sign,serial,fp64,,1000000,8,0.0007886949999999,0.00082587599999995,0.00083694387499995,5.332195135597629e-05,0.00079472175,0.0008589524999999751,0.000789703699999935,0.0009170707999999
alternating_sign,serial,fp64,,1919384,8,0.001570323,0.001622577,0.0016536036249999875,7.177135991652092e-05,0.0016105605000000002,0.001696695749999925,0.00158398245,0.00176230405
alternating_sign,serial,fp64,,3684032,8,0.003158531,0.0033570384999999,0.0033646116249999376,0.00013420191673839646,0.0033232457499999253,0.003403786999999975,0.0031904359500000003,0.0035541083999999002
alternating_sign,serial,fp64,,7071068,8,0.006096637,0.0063694445,0.0065243844999999506,0.0004834482558551975,0.0061748282499998995,0.0066678727499999,0.006110067549999965,0.007301195299999965
alternating_sign,serial,fp64,,13572088,8,0.011087552,0.012160012500000001,0.012360641249999976,0.0009978072282159176,0.011618710999999926,0.013081858499999925,0.01126404965,0.01370543195
alternating_sign,serial,fp64,,26050038,8,0.02351263,0.02741531999999995,0.02897217649999995,0.0054690802085035455,0.025082454499999976,0.031487685749999904,0.023740149599999965,0.03737840164999996
alternating_sign,serial,fp64,,50000000,8,0.0406033609999999,0.04100185549999995,0.04223382287499994,0.0028597688947484606,0.040829703749999904,0.041924538749999976,0.0406374075999999,0.046966773699999964
alternating_sign,openmp,mixed_fp32_fp64,1.0,1000000,8,0.000970804,0.00116033,0.001219727374999975,0.00025410293527675624,0.000995504999999925,0.00138752775,0.00097671095,0.0015807793499999349
alternating_sign,openmp,mixed_fp32_fp64,1.0,1919384,8,0.002097311,0.0021524089999999003,0.00218943762499995,0.00015053859150958087,0.00211237575,0.002163957249999975,0.0021007312000000003,0.0024230241499999
alternating_sign,openmp,mixed_fp32_fp64,1.0,3684032,8,0.004174284,0.00456449899999995,0.004707774874999963,0.000568499264511976,0.004378679,0.004806142249999975,0.0042175468,0.0056031758499999
alternating_sign,openmp,mixed_fp32_fp64,1.0,7071068,8,0.007005084,0.00783520399999995,0.008548752874999987,0.001785939958754534,0.0074997085000000005,0.00871963075,0.0071676506000000004,0.011548351549999999
alternating_sign,openmp,mixed_fp32_fp64,1.0,13572088,8,0.01298809,0.013249616,0.013605608124999951,0.0009447956435398116,0.013153704249999901,0.013575656999999925,0.012999419499999965,0.015127081949999935
alternating_sign,openmp,mixed_fp32_fp64,1.0,26050038,8,0.02448302,0.02919723299999995,0.029719150749999965,0.0039568051372998545,0.026684343749999975,0.03229183249999992,0.025252089699999966,0.03525967905
alternating_sign,openmp,mixed_fp32_fp64,1.0,50000000,8,0.043775039,0.04653313399999995,0.047587852999999965,0.0036714421691683378,0.045393633499999926,0.04895678024999993,0.043937601050000004,0.05335577735
alternating_sign,openmp,mixed_fp32_fp64,2.0,1000000,8,0.000409877,0.00043589750000000004,0.000446257499999975,3.421882308653149e-05,0.00042394225,0.0004557682499999,0.00041436015,0.000500893499999965
alternating_sign,openmp,mixed_fp32_fp64,2.0,1919384,8,0.001380277,0.0016595389999999,0.0016709471249999625,0.00023047951764676601,0.00148926325,0.00177856825,0.00140956045,0.002008705599999935
alternating_sign,openmp,mixed_fp32_fp64,2.0,3684032,8,0.0023135579999999,0.0026559994999999503,0.00338208149999995,0.0021688194542082606,0.0024031662499999253,0.00293080725,0.002338503549999935,0.006721788199999933
alternating_sign,openmp,mixed_fp32_fp64,2.0,7071068,8,0.003889005,0.0042862909999999005,0.00464949174999995,0.0011436677320919928,0.004039741,0.004638491749999975,0.00393335525,0.0064294164999998986
alternating_sign,openmp,mixed_fp32_fp64,2.0,13572088,8,0.007999631,0.00937511849999995,0.011362603749999964,0.004312067155096587,0.008159108249999925,0.013358158499999976,0.00802534375,0.018059688349999967
alternating_sign,openmp,mixed_fp32_fp64,2.0,26050038,8,0.013929851,0.014848577,0.015194329999999989,0.0011889611573607207,0.0144073875,0.015832401499999975,0.01398170875,0.017000874599999966
alternating_sign,openmp,mixed_fp32_fp64,2.0,50000000,8,0.0253499039999999,0.026575906500000003,0.026695346249999974,0.0012081914522997584,0.025611005750000002,0.02742929475,0.025406171049999933,0.028418699149999935
alternating_sign,openmp,mixed_fp32_fp64,4.0,1000000,8,0.000346724,0.0003703125,0.000378769624999975,2.556204897297077e-05,0.000363431999999925,0.00039402549999992503,0.0003511459,0.00041636965
alternating_sign,openmp,mixed_fp32_fp64,4.0,1919384,8,0.000581907,0.00079170549999995,0.0009261578749999751,0.00044869343206867403,0.000657078499999975,0.00095590275,0.000582755049999965,0.0016616104999999997
alternating_sign,openmp,mixed_fp32_fp64,4.0,3684032,8,0.001149455,0.001552299,0.0032442491249999876,0.0032298675010590926,0.0013083510000000001,0.003735066499999975,0.0011509495,0.008575036999999966
alternating_sign,openmp,mixed_fp32_fp64,4.0,7071068,8,0.002289969,0.0027745154999999503,0.0027709297499999377,0.00036915526120502644,0.0024577867499999003,0.003048924749999925,0.002335738499999965,0.0032247332499999353
alternating_sign,openmp,mixed_fp32_fp64,4.0,13572088,8,0.0044052459999999,0.00532799749999995,0.006355730374999963,0.0029393573345584214,0.004649574249999925,0.006317975,0.004474815849999935,0.011150186499999997
alternating_sign,openmp,mixed_fp32_fp64,4.0,26050038,8,0.008872364,0.01113371849999995,0.011703288249999989,0.003073725586770502,0.0092131855,0.012872814750000001,0.0089017752,0.016459978849999998
alternating_sign,openmp,mixed_fp32_fp64,4.0,50000000,8,0.017194381,0.01814804549999995,0.019608387999999963,0.0032150296838770725,0.017784452999999978,0.019928862499999925,0.017276443399999966,0.02496582495
alternating_sign,openmp,mixed_fp32_fp64,8.0,1000000,8,0.000183913,0.00019875599999994998,0.0002030987499999625,1.5345001221901442e-05,0.000192713499999975,0.000213380249999975,0.000186654549999965,0.000224898649999965
alternating_sign,openmp,mixed_fp32_fp64,8.0,1919384,8,0.005504603,0.0082897354999999,0.008906241124999962,0.003306441096817228,0.007037752499999925,0.0093472265,0.0055951795,0.014222683399999998
alternating_sign,openmp,mixed_fp32_fp64,8.0,3684032,8,0.0018342479999999,0.01569591949999995,0.014477915124999938,0.005800824604925554,0.013681052999999901,0.016428321,0.005803785599999901,0.020455226899999932
alternating_sign,openmp,mixed_fp32_fp64,8.0,7071068,8,0.005910791,0.00895996,0.009364119375,0.0028607452350352916,0.007294318500000001,0.01190099875,0.0059713805500000005,0.0128942235
alternating_sign,openmp,mixed_fp32_fp64,8.0,13572088,8,0.0063410749999999,0.010240130499999951,0.011027075999999938,0.003962168230298901,0.0081499407499999,0.014311326749999975,0.0064761837499999,0.016278329799999963
alternating_sign,openmp,mixed_fp32_fp64,8.0,26050038,8,0.007653031,0.0159534925,0.015341442999999988,0.004661881931392357,0.0133517845,0.017617286499999926,0.008651908600000001,0.021134025549999998
alternating_sign,openmp,mixed_fp32_fp64,8.0,50000000,8,0.0114308469999999,0.016412672500000003,0.016632746499999976,0.003943352327147343,0.013881795,0.019154196249999925,0.011856353899999936,0.02200287165
alternating_sign,openmp,mixed_fp32_fp64,16.0,1000000,8,0.0002044679999999,0.01008574199999995,0.010039870499999938,0.007617523262627374,0.0051787564999999005,0.0148542025,0.0002169521499999,0.020090997799999934
alternating_sign,openmp,mixed_fp32_fp64,16.0,1919384,8,0.0130143989999999,0.0202015065,0.01940530287499995,0.004505373602854574,0.016129059249999925,0.0220978012499999,0.013449214849999936,0.025027125299999963
alternating_sign,openmp,mixed_fp32_fp64,16.0,3684032,8,0.0131086039999999,0.021936941,0.021619329749999965,0.005941011166873881,0.018597016249999924,0.024139413749999974,0.013939295749999935,0.029589463149999964
alternating_sign,openmp,mixed_fp32_fp64,16.0,7071068,8,0.012980624,0.02094178299999995,0.019704399499999962,0.004642513081324994,0.015670305249999926,0.021855823999999975,0.0137779296,0.025670642799999963
alternating_sign,openmp,mixed_fp32_fp64,16.0,13572088,8,0.0134208209999999,0.01979185299999995,0.021349653624999975,0.006189158141469364,0.0174805445,0.027494381000000002,0.013842356799999936,0.0289207363
alternating_sign,openmp,mixed_fp32_fp64,16.0,26050038,8,0.010954926,0.018100600499999953,0.017633411874999987,0.0034738642069260697,0.01659380175,0.019985131750000003,0.0122380827,0.02126217845
alternating_sign,openmp,mixed_fp32_fp64,16.0,50000000,8,0.0147422449999999,0.0199531345,0.021411544249999925,0.00581325914715232,0.018356231249999903,0.0224854802499999,0.015582822849999902,0.030777886599999894
alternating_sign,openmp,mixed_fp32_fp64,22.0,1000000,8,0.0116943499999999,0.0202740585,0.019526305749999976,0.0035327283534792434,0.018902503249999925,0.0215644745,0.014020525249999936,0.022752092550000002
alternating_sign,openmp,mixed_fp32_fp64,22.0,1919384,8,0.014539425,0.022420354,0.022352407249999987,0.0051028272056067225,0.019742515500000002,0.025395935249999974,0.0154000869,0.02898741219999996
alternating_sign,openmp,mixed_fp32_fp64,22.0,3684032,8,0.0119006819999999,0.024202007,0.022651838249999987,0.005406670272521073,0.020472055000000003,0.0257200685,0.014238027499999936,0.0281878976
alternating_sign,openmp,mixed_fp32_fp64,22.0,7071068,8,0.0162575309999999,0.0256332895,0.028974678624999937,0.014348044238664558,0.0175905839999999,0.032808148749999974,0.0164235475499999,0.052022168649999895
alternating_sign,openmp,mixed_fp32_fp64,22.0,13572088,8,0.014146234,0.0268914225,0.02699861049999995,0.009799939999584985,0.020779469249999974,0.0329160659999999,0.014832089449999966,0.039792967099999896
alternating_sign,openmp,mixed_fp32_fp64,22.0,26050038,8,0.0159078609999999,0.02304893449999995,0.02327782962499995,0.0067302363765434315,0.016420939000000002,0.029174295999999898,0.016042800699999936,0.031726494249999966
alternating_sign,openmp,mixed_fp32_fp64,22.0,50000000,8,0.011980118,0.02511586749999995,0.024532978874999962,0.006497879735887106,0.02270644825,0.026495263249999977,0.0155536803,0.032593622549999895
alternating_sign,serial,mixed_fp32_fp64,,1000000,8,0.0010147509999999,0.00107213149999995,0.001074280124999975,4.460746328472438e-05,0.00104950925,0.0010875597500000001,0.001023110399999935,0.00113955175
alternating_sign,serial,mixed_fp32_fp64,,1919384,8,0.0021412699999999,0.00221549599999995,0.0022221114999999626,5.9812780566900046e-05,0.0021847225000000002,0.002267909749999975,0.0021465448499999353,0.002299574949999965
alternating_sign,serial,mixed_fp32_fp64,,3684032,8,0.004163344,0.0042788815,0.004317369249999962,0.00014261799176196326,0.0042111862499999,0.004412795999999976,0.004168022449999965,0.004521458249999965
alternating_sign,serial,mixed_fp32_fp64,,7071068,8,0.00714471,0.007352289,0.0076056197499999745,0.0006083746705931639,0.007250586999999975,0.00766694225,0.007163432899999965,0.008584557749999935
alternating_sign,serial,mixed_fp32_fp64,,13572088,8,0.01301093,0.01453183199999995,0.015881445749999987,0.004122866389675368,0.013428067750000001,0.016266236250000003,0.01311120675,0.022360843249999998
alternating_sign,serial,mixed_fp32_fp64,,26050038,8,0.0256516819999999,0.02657848649999995,0.028855969374999964,0.004572301808039921,0.0262683925,0.029156891749999976,0.025836669599999938,0.036586834849999965
alternating_sign,serial,mixed_fp32_fp64,,50000000,8,0.044285111,0.045494825,0.04571786987499999,0.001398318214005406,0.0449962745,0.045864027499999925,0.0443696675,0.047908284950000005
ill_scaled,openmp,fp64,1.0,1000000,8,0.000716018,0.0007438144999999501,0.0007584231249999625,4.5116779448896045e-05,0.000728283999999925,0.000772374999999925,0.000719028,0.0008310406
ill_scaled,openmp,fp64,1.0,1919384,8,0.001545719,0.0015769235,0.0016255739999999875,0.00012272677660676759,0.001563169749999925,0.001615631,0.00154949865,0.0018293556999999998
ill_scaled,openmp,fp64,1.0,3684032,8,0.0032420729999999,0.0033271195,0.0033256502499999624,5.5966919493968974e-05,0.003296507249999925,0.003372041249999925,0.003246710849999935,0.00338928915
ill_scaled,openmp,fp64,1.0,7071068,8,0.006441279,0.00657363349999995,0.006758210999999988,0.00044833784965645895,0.0065084595,0.0067876715,0.00644544855,0.0075055773999999995
ill_scaled,openmp,fp64,1.0,13572088,8,0.011353566,0.01271525649999995,0.012866280124999963,0.001420307842768429,0.011731430499999924,0.013462877250000001,0.0113830766,0.015007141049999935
ill_scaled,openmp,fp64,1.0,26050038,8,0.0213091429999999,0.02223091749999995,0.02287717712499995,0.0019321946809469752,0.02197892725,0.022700076499999923,0.021531395099999934,0.026026984449999933
ill_scaled,openmp,fp64,1.0,50000000,8,0.0437125449999999,0.045587376,0.045567619874999965,0.0010949707577858731,0.04497952474999997,0.04642079575,0.044018121599999904,0.046845978099999935
ill_scaled,openmp,fp64,2.0,1000000,8,0.0003703,0.00051152449999995,0.0008177001249999376,0.0009263389430643226,0.00041882324999990004,0.000594952999999925,0.000379831549999965,0.0022413062499999337
ill_scaled,openmp,fp64,2.0,1919384,8,0.0008778949999999,0.0012637759999999999,0.001309517624999975,0.00035578282221039126,0.00109166775,0.001454151499999925,0.000922241049999935,0.0018283391999999996
ill_scaled,openmp,fp64,2.0,3684032,8,0.0018379379999999,0.0019240555,0.002180647124999975,0.00044908488913197886,0.00187827675,0.0024332985,0.001839306149999935,0.002890895199999935
ill_scaled,openmp,fp64,2.0,7071068,8,0.0034672599999999,0.0041110344999999,0.00421934237499995,0.0006425654366521932,0.003680551249999925,0.004853132,0.003485997599999935,0.005010728
ill_scaled,openmp,fp64,2.0,13572088,8,0.0065373159999999,0.00715992949999995,0.0076828463749999375,0.0017112683192891758,0.006835529749999975,0.007532887499999975,0.0065692079999999,0.010411701599999898
ill_scaled,openmp,fp64,2.0,26050038,8,0.013137133,0.0141613035,0.015059493999999988,0.00299146613897597,0.013361244750000001,0.01502900425,0.0131936447,0.019734491749999934
ill_scaled,openmp,fp64,2.0,50000000,8,0.026026475,0.027679133999999897,0.027494489999999962,0.0007755418260530474,0.0271769345,0.027824876499999925,0.02636160875,0.0283897391
ill_scaled,openmp,fp64,4.0,1000000,8,0.000275854,0.00049735149999995,0.0016086121249999624,0.0019330684834989508,0.000321791499999975,0.0025456375,0.00027770514999996503,0.004685066899999934
ill_scaled,openmp,fp64,4.0,1919384,8,0.000499679,0.0026021795,0.004942615124999988,0.005759655368087999,0.0005596655,0.007856068249999924,0.0005085914000000001,0.013780166649999996
ill_scaled,openmp,fp64,4.0,3684032,8,0.001002438,0.0012330840000000002,0.0027050431250000002,0.004035618746230599,0.0010764317500000001,0.0016311585000000001,0.00101462045,0.008865464549999993
ill_scaled,openmp,fp64,4.0,7071068,8,0.002463212,0.00435499399999995,0.004289786624999975,0.0016314206354280864,0.0028542804999999753,0.00518333,0.002513385899999965,0.0064998092499999995
ill_scaled,openmp,fp64,4.0,13572088,8,0.004304465,0.00625445749999995,0.006744246874999975,0.0022895229641482495,0.005273273999999975,0.00748203625,0.004405369299999965,0.01028610865
ill_scaled,openmp,fp64,4.0,26050038,8,0.008188897,0.00912195599999995,0.009032526749999962,0.0005574775138506188,0.008788692749999924,0.009264608499999926,0.00823631885,0.00973688095
ill_scaled,openmp,fp64,4.0,50000000,8,0.0170750279999999,0.0179537105,0.01793919512499994,0.00045767556211966413,0.017735328999999977,0.0182955004999999,0.017270712649999898,0.018443844949999903
ill_scaled,openmp,fp64,8.0,1000000,8,0.0077337009999999,0.015344138,0.015706680374999976,0.005960590215717911,0.012726319499999975,0.018088535,0.0085306401499999,0.024139639499999997
ill_scaled,openmp,fp64,8.0,1919384,8,0.008220883,0.016265841500000003,0.016747263499999988,0.006610693815929384,0.012353136999999976,0.01882520475,0.009422106099999966,0.026748080049999994
ill_scaled,openmp,fp64,8.0,3684032,8,0.0094052939999999,0.01580451649999995,0.01576750562499994,0.003392995120689988,0.015137709249999975,0.016601519999999925,0.0110017867999999,0.02023614264999993
ill_scaled,openmp,fp64,8.0,7071068,8,0.00401623,0.0161066795,0.015189680499999974,0.007538741071533101,0.01074907375,0.019953468999999974,0.0046824298,0.0242879343999999
ill_scaled,openmp,fp64,8.0,13572088,8,0.005890223,0.01368704749999995,0.01350998724999995,0.004403262766943556,0.011829136999999976,0.015320589749999974,0.007319527099999965,0.0193076337499999
ill_scaled,openmp,fp64,8.0,26050038,8,0.005991469,0.0135793445,0.013877585124999975,0.0066309843534127855,0.0079231565,0.019794947999999927,0.0063290286,0.021886384049999933
ill_scaled,openmp,fp64,8.0,50000000,8,0.011281503,0.017395095,0.016992277124999976,0.004349340724863756,0.01332057725,0.019599312999999976,0.0116304586,0.0227055086499999
ill_scaled,openmp,fp64,16.0,1000000,8,0.016598989,0.019283051499999898,0.02183884224999995,0.006758469186504846,0.017457345999999926,0.02327533925,0.0168235105,0.03280453169999993
ill_scaled,openmp,fp64,16.0,1919384,8,0.01480242,0.019246023999999903,0.02074978687499995,0.005917716368273009,0.018012382999999927,0.021598272499999925,0.0149799883,0.030246985399999995
ill_scaled,openmp,fp64,16.0,3684032,8,0.015666275,0.01832123599999995,0.01959658899999995,0.004305484017720116,0.01619757825,0.021764545749999902,0.0157109161,0.026234944599999897
ill_scaled,openmp,fp64,16.0,7071068,8,0.013816032,0.02187825649999995,0.023556552124999974,0.008276778703688722,0.01837277475,0.025442618,0.015342060000000001,0.03669421529999993
ill_scaled,openmp,fp64,16.0,13572088,8,0.011805316,0.01962672449999995,0.019042090749999987,0.006218851029382445,0.015199262,0.0207201835,0.01187553195,0.027748853999999996
ill_scaled,openmp,fp64,16.0,26050038,8,0.011695468,0.017888234000000003,0.01740718025,0.004594118166610642,0.01360487975,0.020920480249999998,0.011783920350000001,0.02271655825
ill_scaled,openmp,fp64,16.0,50000000,8,0.018554962,0.022546847499999953,0.02360541099999995,0.004113013720099074,0.0211028402499999,0.025298120999999976,0.019400903949999965,0.029884116499999964
ill_scaled,openmp,fp64,22.0,1000000,8,0.014914507,0.0200256365,0.02104602362499995,0.00571911501894567,0.017256640749999975,0.0235927774999999,0.015185742999999965,0.029536121749999898
ill_scaled,openmp,fp64,22.0,1919384,8,0.0106730939999999,0.023719912000000003,0.024017604749999963,0.009024528851092346,0.018580845249999978,0.030797398749999927,0.0121866829999999,0.03518070405
ill_scaled,openmp,fp64,22.0,3684032,8,0.0147906489999999,0.022926361,0.023343441999999937,0.00689057850209511,0.018646642499999977,0.0261793837499999,0.0155350492999999,0.033470233549999895
ill_scaled,openmp,fp64,22.0,7071068,8,0.0132813889999999,0.01991899849999995,0.020800514624999964,0.005569288596730524,0.016986641999999923,0.02623799475,0.013921256199999935,0.02740075345
ill_scaled,openmp,fp64,22.0,13572088,8,0.012215151,0.02405067699999995,0.02421817449999995,0.009804946860182686,0.018262065749999924,0.028859059999999923,0.012518412,0.03777231514999993
ill_scaled,openmp,fp64,22.0,26050038,8,0.0162142369999999,0.029018270999999998,0.030335479374999974,0.010913891647136876,0.022222187999999976,0.037593677000000006,0.018275542749999898,0.044796519699999995
ill_scaled,openmp,fp64,22.0,50000000,8,0.018202366,0.0266936079999999,0.02670699974999995,0.005371691483621956,0.023979437249999926,0.029280025,0.019544488250000002,0.033895244849999936
ill_scaled,serial,fp64,,1000000,8,0.000768372,0.0008610564999999,0.00088871887499995,0.00011308976825063629,0.000798822999999975,0.000952959999999975,0.000774309049999965,0.0010581622999999648
ill_scaled,serial,fp64,,1919384,8,0.001615039,0.00174147599999995,0.001822707374999975,0.00024922306593599833,0.0017104725,0.0018189735,0.00164785745,0.0022123206499999348
ill_scaled,serial,fp64,,3684032,8,0.00338748,0.00352105499999995,0.0035667064999999752,0.00017918900597812347,0.0034157865000000003,0.003697537749999975,0.0033958905,0.003814717199999965
ill_scaled,serial,fp64,,7071068,8,0.0062885119999999,0.00681410549999995,0.007103116249999938,0.0009715033113764342,0.0063360379999999,0.007460416750000001,0.0062910519499999,0.008652887449999935
ill_scaled,serial,fp64,,13572088,8,0.012690191,0.0129385175,0.013857993874999976,0.001563284154833661,0.0128336665,0.014608894499999976,0.01271221335,0.016373977349999902
ill_scaled,serial,fp64,,26050038,8,0.021340878,0.022183496499999948,0.022068692499999976,0.0005924675022137602,0.021435229,0.022546673999999975,0.0213733265,0.022757487449999964
ill_scaled,serial,fp64,,50000000,8,0.0433009649999999,0.044782950499999905,0.04566221149999994,0.002044354996527557,0.0445253035,0.0466545867499999,0.043689356149999935,0.048854773949999965
ill_scaled,openmp,mixed_fp32_fp64,1.0,1000000,8,0.000965783,0.00100608649999995,0.001018675624999975,4.286786021829601e-05,0.000999213,0.001024510249999975,0.00097578775,0.001087563899999965
ill_scaled,openmp,mixed_fp32_fp64,1.0,1919384,8,0.002116703,0.0021338309999999003,0.0022275563749999125,0.0001510832488643514,0.0021185484999999,0.0023462187499999,0.002116866449999965,0.0024508094499999
ill_scaled,openmp,mixed_fp32_fp64,1.0,3684032,8,0.00390885,0.00414468499999995,0.004143867874999963,0.00014172863869523687,0.004087125999999976,0.00418868075,0.003963575299999965,0.004335866049999935
ill_scaled,openmp,mixed_fp32_fp64,1.0,7071068,8,0.00766922,0.008769001,0.008580119999999962,0.0005912296822168513,0.00808554975,0.009106751749999899,0.00775928725,0.009136956649999901
ill_scaled,openmp,mixed_fp32_fp64,1.0,13572088,8,0.013213249,0.015911214,0.016849169374999987,0.0034734871333199587,0.0145375,0.018117081499999976,0.01340492545,0.022334935799999966
ill_scaled,openmp,mixed_fp32_fp64,1.0,26050038,8,0.023420679,0.02462629399999995,0.024968434249999977,0.0017127417157016265,0.023874226499999974,0.02511086425,0.023460998999999965,0.02776624775
ill_scaled,openmp,mixed_fp32_fp64,1.0,50000000,8,0.048105056,0.051237005999999904,0.05101773424999995,0.0014145397750742277,0.050744179249999924,0.05159426499999997,0.0489195725,0.05256722994999997
ill_scaled,openmp,mixed_fp32_fp64,2.0,1000000,8,0.000544793,0.0007566420000000001,0.0008898971249999751,0.0005018559358308886,0.0006240975000000001,0.0008417302499999001,0.00055496575,0.0016911231499999644
ill_scaled,openmp,mixed_fp32_fp64,2.0,1919384,8,0.001216696,0.0016499585000000002,0.0016597342499999875,0.00031211550081329086,0.001527451499999925,0.00172410375,0.00128828885,0.0021129488999999998
ill_scaled,openmp,mixed_fp32_fp64,2.0,3684032,8,0.002186847,0.00221499499999995,0.0023982984999999625,0.0002938984096107548,0.0021925169999999,0.00260975025,0.0021871273499999653,0.00284126815
ill_scaled,openmp,mixed_fp32_fp64,2.0,7071068,8,0.0038632689999999,0.0053142924999999,0.005167130374999925,0.0009086819773396729,0.00463667275,0.0058537909999999,0.003879834849999935,0.0061638925999999
ill_scaled,openmp,mixed_fp32_fp64,2.0,13572088,8,0.007344261,0.007795073499999951,0.00837623499999995,0.0011781348514900158,0.007570045999999925,0.008942435499999925,0.007413801100000001,0.010258910799999936
ill_scaled,openmp,mixed_fp32_fp64,2.0,26050038,8,0.014053837,0.0152393275,0.01590727262499999,0.0018551993784384636,0.014564416,0.017090549750000003,0.0141485218,0.018664934199999934
ill_scaled,openmp,mixed_fp32_fp64,2.0,50000000,8,0.027919142,0.029526716999999952,0.029699800874999974,0.0012323579167600864,0.029140564,0.030438625999999924,0.0280826928,0.03137776565
ill_scaled,openmp,mixed_fp32_fp64,4.0,1000000,8,0.000444972,0.00054186249999995,0.0026717052499999625,0.0032743139344261945,0.00047048249999990003,0.004504704,0.000445550549999965,0.0077790577
ill_scaled,openmp,mixed_fp32_fp64,4.0,1919384,8,0.000635824,0.0008025479999999,0.00504981012499995,0.0063587858978374255,0.000773349499999975,0.009018160249999924,0.000680342249999965,0.014995643549999998
ill_scaled,openmp,mixed_fp32_fp64,4.0,3684032,8,0.001106206,0.00129583699999995,0.001741996374999975,0.0010269956742912148,0.0012051109999999749,0.0016479282500000002,0.001128172349999965,0.0034792913499999993
ill_scaled,openmp,mixed_fp32_fp64,4.0,7071068,8,0.003155576,0.00578140249999995,0.005438428249999963,0.0014449286025192513,0.0049737337499999755,0.006392180749999925,0.0032178581499999652,0.0068831876
ill_scaled,openmp,mixed_fp32_fp64,4.0,13572088,8,0.0048820909999999,0.0056244399999999,0.0074395754999999255,0.003567921972409379,0.005351092999999925,0.008018621499999976,0.0049584354499999355,0.013435474749999898
ill_scaled,openmp,mixed_fp32_fp64,4.0,26050038,8,0.008850277,0.0097549924999999,0.00993262724999995,0.0012499648368585593,0.0091907137499999,0.01002172875,0.008853337399999965,0.0118753318
ill_scaled,openmp,mixed_fp32_fp64,4.0,50000000,8,0.018414532,0.01982949299999995,0.019829669124999977,0.00125750236845688,0.0188148435,0.02029385574999998,0.0184465808,0.021696923149999964
ill_scaled,openmp,mixed_fp32_fp64,8.0,1000000,8,0.005383558,0.015075403000000001,0.014449205374999961,0.005791127603873361,0.0106524357499999,0.0189422625,0.006391681199999965,0.021229213199999934
ill_scaled,openmp,mixed_fp32_fp64,8.0,1919384,8,0.002985845,0.0156612045,0.013936762624999963,0.0071260170366285016,0.011739836749999975,0.018761245749999926,0.003011181499999965,0.020833336049999932
ill_scaled,openmp,mixed_fp32_fp64,8.0,3684032,8,0.010275262,0.01711588949999995,0.015783090499999975,0.0035689122464534345,0.014405543,0.0180537295,0.010288957500000001,0.019014542999999932
ill_scaled,openmp,mixed_fp32_fp64,8.0,7071068,8,0.0070715109999999,0.0123953365,0.012744884499999975,0.0036063013677251066,0.010871550499999974,0.01534740875,0.0079224502499999,0.0173198021
ill_scaled,openmp,mixed_fp32_fp64,8.0,13572088,8,0.0063018149999999,0.014694524999999951,0.013407826249999939,0.0047381727991553,0.010435638249999976,0.017148880249999925,0.0064831345999999,0.018200368449999935
ill_scaled,openmp,mixed_fp32_fp64,8.0,26050038,8,0.0079201289999999,0.0148550309999999,0.016230722624999926,0.006614940201821714,0.01104481475,0.021323827999999902,0.008814909249999935,0.0253787480499999
ill_scaled,openmp,mixed_fp32_fp64,8.0,50000000,8,0.012639444,0.016414111499999953,0.01709336349999999,0.0037912033737665498,0.01441060675,0.019008542500000003,0.01294351385,0.0226606308
ill_scaled,openmp,mixed_fp32_fp64,16.0,1000000,8,0.009480492,0.016821304000000002,0.016535490874999937,0.00405991377491246,0.014594298499999901,0.019735658249999902,0.010671495099999966,0.0209183443999999
ill_scaled,openmp,mixed_fp32_fp64,16.0,1919384,8,0.01122149,0.01898373749999995,0.01899749949999995,0.007002018152965478,0.013096295749999976,0.022136656499999924,0.011711952349999966,0.02890731509999993
ill_scaled,openmp,mixed_fp32_fp64,16.0,3684032,8,0.008900819,0.0174726704999999,0.017239387374999977,0.005207732277042033,0.01475966125,0.01966188375,0.01003794555,0.02415058065
ill_scaled,openmp,mixed_fp32_fp64,16.0,7071068,8,0.010696506,0.017342581000000003,0.017079992500000002,0.00397025392315076,0.015027665,0.019444677,0.01157652745,0.0220732261
ill_scaled,openmp,mixed_fp32_fp64,16.0,13572088,8,0.015008797,0.01927183799999995,0.02015784062499996,0.004915577749467125,0.015927234499999977,0.022986454249999975,0.015190450499999966,0.027472460849999963
ill_scaled,openmp,mixed_fp32_fp64,16.0,26050038,8,0.019319294,0.02182505399999995,0.022230198124999937,0.003116948610239333,0.0200714807499999,0.022685057749999977,0.019538991449999966,0.027045896899999897
ill_scaled,openmp,mixed_fp32_fp64,16.0,50000000,8,0.015569592,0.0213719959999999,0.022386655374999963,0.007312659305392419,0.0186833195,0.022027303999999928,0.0165137317,0.03346675874999999
ill_scaled,openmp,mixed_fp32_fp64,22.0,1000000,8,0.01555433,0.026710124999999953,0.025829994374999964,0.007555802333452401,0.020673618499999977,0.03031819125,0.015794483899999965,0.03551443764999993
ill_scaled,openmp,mixed_fp32_fp64,22.0,1919384,8,0.008108812,0.020520636499999953,0.02170028162499994,0.0070496684088445045,0.0200736529999999,0.025706093999999974,0.012091273349999966,0.030487014749999895
ill_scaled,openmp,mixed_fp32_fp64,22.0,3684032,8,0.0187055669999999,0.0247231434999999,0.023951444249999926,0.003203213083064732,0.021634634499999975,0.025955813499999977,0.0194828298499999,0.0277323858499999
ill_scaled,openmp,mixed_fp32_fp64,22.0,7071068,8,0.0103272899999999,0.02113263199999995,0.02019992662499995,0.006464903632460857,0.01518444725,0.0245495669999999,0.011816570799999936,0.027885077949999965
ill_scaled,openmp,mixed_fp32_fp64,22.0,13572088,8,0.013357498,0.020476645499999953,0.022370503499999975,0.008021215193310364,0.01672552525,0.02843400575,0.01363579945,0.033334352649999933
ill_scaled,openmp,mixed_fp32_fp64,22.0,26050038,8,0.014795749,0.028146325,0.02714282399999999,0.008498729811436484,0.021247272,0.034508688499999975,0.0158774219,0.035935145549999964
ill_scaled,openmp,mixed_fp32_fp64,22.0,50000000,8,0.01538224,0.02399315149999995,0.024221026999999964,0.0064482390644182395,0.019204508249999926,0.029862049499999977,0.0162142187,0.03188370369999997
ill_scaled,serial,mixed_fp32_fp64,,1000000,8,0.001007777,0.0010772959999999498,0.001145452499999975,0.00017426688082610028,0.001041279,0.001174358249999925,0.0010193000500000001,0.0014281167
ill_scaled,serial,mixed_fp32_fp64,,1919384,8,0.0021579469999999,0.0022548669999999,0.0023606911249999377,0.0002364165733201201,0.002240462249999975,0.002370216249999925,0.0021864264999999,0.00276036355
ill_scaled,serial,mixed_fp32_fp64,,3684032,8,0.004064926,0.0043529079999999505,0.00431969637499995,0.00020784569312346093,0.0041367922499999255,0.004443851999999976,0.00406948685,0.0045872835499999
ill_scaled,serial,mixed_fp32_fp64,,7071068,8,0.007074953,0.00822641149999995,0.00812704949999995,0.0007570457672390377,0.007583000749999975,0.008492115999999925,0.007163767249999965,0.009142150349999935
ill_scaled,serial,mixed_fp32_fp64,,13572088,8,0.014220754,0.0163528665,0.01569970224999996,0.00117982623905904,0.014339096999999926,0.016628148749999898,0.0142444406,0.016720202749999965
ill_scaled,serial,mixed_fp32_fp64,,26050038,8,0.02350814,0.023904895000000002,0.024695212125,0.0014096830220391942,0.0236204675,0.025854627,0.0235414502,0.0267510927
ill_scaled,serial,mixed_fp32_fp64,,50000000,8,0.04893364,0.0504709625,0.050814208749999965,0.0015679878690838544,0.04981095574999993,0.05202353074999998,0.04898073495,0.0529467992499999
nearly_canceling,openmp,fp64,1.0,1000000,8,0.0006724629999999,0.00087900349999995,0.0009033531249999625,0.0002214407021539157,0.0007243302499999251,0.0010329125000000001,0.0006773300999999351,0.0012073198
nearly_canceling,openmp,fp64,1.0,1919384,8,0.0015540599999999,0.00170308099999995,0.00191099912499995,0.00046560445256752826,0.001588646499999975,0.002050356249999975,0.0015619479499998999,0.002665257899999965
nearly_canceling,openmp,fp64,1.0,3684032,8,0.003232978,0.0034213154999999003,0.0035231286249999376,0.0002734397402468432,0.003400499499999925,0.003551223999999925,0.0032824162000000003,0.003973712549999935
nearly_canceling,openmp,fp64,1.0,7071068,8,0.006081928,0.0067922054999999,0.006706851749999938,0.0003925571848430671,0.006420522249999975,0.007032185999999925,0.0061706939499999655,0.007098620349999935
nearly_canceling,openmp,fp64,1.0,13572088,8,0.012910061,0.013688058,0.013749463374999988,0.000570265894077452,0.01349103325,0.01389859,0.0130553187,0.014597252049999935
nearly_canceling,openmp,fp64,1.0,26050038,8,0.021772112,0.02397158299999995,0.024253736874999977,0.00256186161180223,0.022408629249999975,0.02468108875,0.021804477899999966,0.0283347706
nearly_canceling,openmp,fp64,1.0,50000000,8,0.0412681449999999,0.043315624999999996,0.04307596874999998,0.0009411420496096193,0.042581626500000004,0.04363236799999993,0.041672629849999934,0.04410345825
nearly_canceling,openmp,fp64,2.0,1000000,8,0.0005172389999999,0.0005874239999999001,0.0006693902499999124,0.0002658920281858439,0.0005536612499999251,0.0006127979999998999,0.000520106549999935,0.0010874479499998996
nearly_canceling,openmp,fp64,2.0,1919384,8,0.0008113639999999,0.00120749,0.0013843537499999626,0.0006282775891068711,0.0008592309999999751,0.001688879999999975,0.0008196502499999,0.002362910049999965
nearly_canceling,openmp,fp64,2.0,3684032,8,0.00177719,0.0021730615,0.0023755346249999627,0.0006947169985959876,0.002067558,0.0023590084999999,0.0018055760500000002,0.0035085259999998995
nearly_canceling,openmp,fp64,2.0,7071068,8,0.003485128,0.00388976599999995,0.00402564849999995,0.0006875973858042736,0.003624472499999975,0.0040600724999999005,0.003486874849999965,0.005095562299999964
nearly_canceling,openmp,fp64,2.0,13572088,8,0.007637309,0.00844826199999995,0.008679537124999963,0.0009772826010170804,0.008093537499999925,0.009097353499999926,0.00768252585,0.010155743149999999
nearly_canceling,openmp,fp64,2.0,26050038,8,0.013391151,0.01403468,0.014270614999999974,0.0008155194961118739,0.013554102499999925,0.015067260499999974,0.0134345209,0.015329844749999965
nearly_canceling,openmp,fp64,2.0,50000000,8,0.0251549569999999,0.026645382999999953,0.028632994374999964,0.005288381928376209,0.026065750500000002,0.0283983275,0.025246695849999938,0.03720464864999993
nearly_canceling,openmp,fp64,4.0,1000000,8,0.000315685,0.00035374599999995,0.00039634899999996254,0.00010202693152997742,0.00033537875000000004,0.00041975699999992496,0.00032142465,0.0005609539499999349
nearly_canceling,openmp,fp64,4.0,1919384,8,0.0004532879999999,0.00105002349999995,0.0030434278749999375,0.00484073344347611,0.0005747762499999001,0.002244989,0.0004699717999999,0.01110326529999993
nearly_canceling,openmp,fp64,4.0,3684032,8,0.0010919829999999,0.00132668849999995,0.006602809749999963,0.00812789483978544,0.0012280025000000001,0.010919359749999975,0.001099843649999935,0.019370483049999967
nearly_canceling,openmp,fp64,4.0,7071068,8,0.002458355,0.00475228299999995,0.0055418074999999505,0.003673519394703326,0.003132357499999975,0.0057807382499999,0.0026250918499999653,0.01146101959999996
nearly_canceling,openmp,fp64,4.0,13572088,8,0.0041968689999999,0.0064231395,0.007011146374999938,0.0029913337193867872,0.0045472412499999,0.0085879154999999,0.0042537464499999,0.011336186499999963
nearly_canceling,openmp,fp64,4.0,26050038,8,0.009011628,0.00941501599999995,0.010371757249999964,0.00243341608849138,0.009276820499999975,0.00989238775,0.009043906049999965,0.014365667949999933
nearly_canceling,openmp,fp64,4.0,50000000,8,0.01668988,0.017241514999999902,0.01934395474999995,0.005194790170285917,0.017036104499999923,0.018133068750000002,0.01671861395,0.02787015384999993
nearly_canceling,openmp,fp64,8.0,1000000,8,0.004259484,0.0087580525,0.012143240124999987,0.009898381858611728,0.004818341749999976,0.015401984,0.004302787749999965,0.027968286249999995
nearly_canceling,openmp,fp64,8.0,1919384,8,0.0055667879999999,0.015565118,0.015422006999999988,0.009414570568190186,0.009580903,0.0166469955,0.005687270599999935,0.029511684449999992
nearly_canceling,openmp,fp64,8.0,3684032,8,0.007506938,0.0151644225,0.014970667874999987,0.0050493750689570615,0.011901355749999974,0.017506383,0.008317346549999965,0.021834441649999998
nearly_canceling,openmp,fp64,8.0,7071068,8,0.002105258,0.0079732034999999,0.01182450687499995,0.010808710129775316,0.0030182347500000003,0.019137407249999974,0.0022391491,0.027806856199999893
nearly_canceling,openmp,fp64,8.0,13572088,8,0.0047610889999999,0.007762363500000001,0.01095936449999995,0.006479604282567368,0.006433016999999925,0.0158100707499999,0.005048100549999935,0.020508330249999963
nearly_canceling,openmp,fp64,8.0,26050038,8,0.0078478479999999,0.012364618,0.015318212249999975,0.007315719998689274,0.00951685125,0.02375847875,0.008001835399999935,0.024062491399999934
nearly_canceling,openmp,fp64,8.0,50000000,8,0.011786888,0.01572010549999995,0.01705482387499999,0.005615555458444332,0.0123621075,0.01982207925,0.0118792663,0.025591528599999996
nearly_canceling,openmp,fp64,16.0,1000000,8,0.011906902,0.01951631799999995,0.020323989999999962,0.00575944874954362,0.01693543674999993,0.022892904500000002,0.013481380150000001,0.028608775199999933
nearly_canceling,openmp,fp64,16.0,1919384,8,0.0125458459999999,0.020768454,0.02220273274999995,0.0074004431510194665,0.018556063499999977,0.024594223499999977,0.0137485005999999,0.0335812063499999
nearly_canceling,openmp,fp64,16.0,3684032,8,0.013144199,0.0211435924999999,0.02224450174999995,0.008335984339670088,0.0165129925,0.0245972252499999,0.013905927450000001,0.03510941209999996
nearly_canceling,openmp,fp64,16.0,7071068,8,0.0116038029999999,0.017025614,0.018773948124999964,0.005712856134702247,0.015126985749999976,0.021716172499999978,0.012805205649999901,0.027388803499999965
nearly_canceling,openmp,fp64,16.0,13572088,8,0.0163111519999999,0.020125288,0.019931225249999962,0.0031870975517429407,0.017136295750000002,0.021389888499999926,0.016387965449999934,0.024442269349999934
nearly_canceling,openmp,fp64,16.0,26050038,8,0.010537738,0.01879889699999995,0.01901446499999995,0.005513003092047447,0.015456975999999975,0.0231699067499999,0.011878965999999965,0.025936333099999962
nearly_canceling,openmp,fp64,16.0,50000000,8,0.017048961,0.023865175000000002,0.024185191624999977,0.005552346987231562,0.019699748000000003,0.028887046249999902,0.0174161866,0.031193843749999967
nearly_canceling,openmp,fp64,22.0,1000000,8,0.013368932,0.019986400499999953,0.01943537699999995,0.004568946260625641,0.015331911499999924,0.023169136499999923,0.0137305541,0.024728213799999937
nearly_canceling,openmp,fp64,22.0,1919384,8,0.0150904479999999,0.020161424999999948,0.022373042374999964,0.007296292563790194,0.0177559885,0.02528353025,0.015595716399999935,0.03368086644999993
nearly_canceling,openmp,fp64,22.0,3684032,8,0.01538701,0.02647109849999995,0.027365041624999975,0.009899108945297398,0.020431357,0.031827398,0.01646755765,0.041796904249999926
nearly_canceling,openmp,fp64,22.0,7071068,8,0.01181159,0.021791298,0.022095724374999987,0.008699670522856364,0.01469428775,0.029089306500000002,0.01186512635,0.03317455414999993
nearly_canceling,openmp,fp64,22.0,13572088,8,0.016572921,0.026520632499999898,0.02593108374999995,0.0067040733353459295,0.02207210825,0.029458699499999977,0.0169425868,0.0346497133999999
nearly_canceling,openmp,fp64,22.0,26050038,8,0.014210728,0.02583094449999995,0.024803155374999962,0.0062912423228484995,0.022610298999999903,0.02908074425,0.015160843599999967,0.03153900485
nearly_canceling,openmp,fp64,22.0,50000000,8,0.015335666,0.0263389164999999,0.02689365049999995,0.00879426827728912,0.0217702505,0.030769724249999925,0.0166667405,0.03923987519999993
nearly_canceling,serial,fp64,,1000000,8,0.000754159,0.000828931,0.000829447874999975,5.9325618030435435e-05,0.0007986335,0.000841353249999925,0.0007591143000000001,0.0009184022499999349
nearly_canceling,serial,fp64,,1919384,8,0.0015504169999999,0.001639724,0.0016593967499999875,9.078353157100193e-05,0.00160224525,0.0017021010000000001,0.0015637649499999349,0.0017948422
nearly_canceling,serial,fp64,,3684032,8,0.003353295,0.0037885174999999502,0.0037720108749999754,0.0003626195413769303,0.003421330749999925,0.0040310300000000006,0.0033744707,0.00422144995
nearly_canceling,serial,fp64,,7071068,8,0.006375724,0.00663522849999995,0.006659070499999963,0.00021453696164329983,0.0065443622500000005,0.006733695249999901,0.00640828975,0.006979025549999965
nearly_canceling,serial,fp64,,13572088,8,0.012270727,0.015135585499999951,0.014474227624999962,0.0014102738327103899,0.013809657999999926,0.015493884,0.01228267075,0.015592349349999935
nearly_canceling,serial,fp64,,26050038,8,0.0214687819999999,0.0226404515,0.022659451999999962,0.0007867338859997477,0.022120044,0.023309520499999976,0.021625854999999937,0.0236098475499999
nearly_canceling,serial,fp64,,50000000,8,0.04161318,0.04368156199999995,0.043571650249999976,0.0009098686916246647,0.043453316,0.04393566399999993,0.04219723795,0.04454150775
nearly_canceling,openmp,mixed_fp32_fp64,1.0,1000000,8,0.0009225589999999,0.00117050849999995,0.0012115907499999125,0.00026796345419677554,0.0009630602499999,0.0014702344999999,0.0009287231999999,0.0015356434499999
nearly_canceling,openmp,mixed_fp32_fp64,1.0,1919384,8,0.0020831809999999,0.0021210675,0.00260692174999995,0.0007705817084418091,0.0021000307499999,0.003018773749999975,0.0020865602499999,0.0038310036999999646
nearly_canceling,openmp,mixed_fp32_fp64,1.0,3684032,8,0.004022712,0.0045727064999999505,0.004614139249999937,0.0005057075541221378,0.0043501564999999754,0.0047708684999999,0.004034417049999965,0.0053610800999999
nearly_canceling,openmp,mixed_fp32_fp64,1.0,7071068,8,0.0075011239999999,0.0078445075,0.007837115249999964,0.0002591048408665685,0.0076840432500000005,0.007943719999999975,0.007508522649999935,0.0081978542499999
nearly_canceling,openmp,mixed_fp32_fp64,1.0,13572088,8,0.015225249,0.015783479500000003,0.015783142124999962,0.00033878764677192297,0.015549569749999975,0.016046216749999898,0.015337908399999964,0.016191219249999965
nearly_canceling,openmp,mixed_fp32_fp64,1.0,26050038,8,0.023960129,0.0267149024999999,0.026291047624999925,0.0016603649340039314,0.024796381499999975,0.0276409017499999,0.024101713449999965,0.0280888082999999
nearly_canceling,openmp,mixed_fp32_fp64,1.0,50000000,8,0.046071511,0.0489288859999999,0.04897400949999993,0.0018025189661318513,0.047993365999999975,0.0500550762499999,0.046608087599999966,0.051240311299999904
nearly_canceling,openmp,mixed_fp32_fp64,2.0,1000000,8,0.0007345449999999,0.00083433349999995,0.00087457112499995,0.00016381730266407132,0.000752030999999925,0.0009327217499999251,0.000735021349999935,0.0011280056499999999
nearly_canceling,openmp,mixed_fp32_fp64,2.0,1919384,8,0.001047856,0.0013171035000000002,0.0015323536249999751,0.0006146024689641157,0.00113400275,0.001621777499999975,0.00104905965,0.0025559888499999
nearly_canceling,openmp,mixed_fp32_fp64,2.0,3684032,8,0.0021109459999999,0.0024067349999999004,0.00250259637499995,0.0004460064650729409,0.0022913454999999253,0.00252493225,0.002118643199999935,0.0031982926499999993
nearly_canceling,openmp,mixed_fp32_fp64,2.0,7071068,8,0.0039273759999999,0.0041464454999998995,0.0042745041249999255,0.00047113909367056667,0.004065616999999925,0.0042133882499999,0.003973973249999935,0.004997884749999964
nearly_canceling,openmp,mixed_fp32_fp64,2.0,13572088,8,0.007893426,0.009198540000000002,0.010063450749999987,0.002317786993572959,0.008264539999999926,0.0114175615,0.0079590727,0.0135800679
nearly_canceling,openmp,mixed_fp32_fp64,2.0,26050038,8,0.014994379,0.015728946499999903,0.01622607587499996,0.0018413112611743766,0.0152111985,0.016133303499999974,0.015006284600000001,0.019138550349999964
nearly_canceling,openmp,mixed_fp32_fp64,2.0,50000000,8,0.025248603,0.02831548,0.028555698875,0.0020558028491584803,0.0275859585,0.0295922185,0.02605100145,0.0313129643
nearly_canceling,openmp,mixed_fp32_fp64,4.0,1000000,8,0.00039072,0.0005101879999999501,0.0005114349999999625,8.736264889524047e-05,0.00046131775,0.000555261249999975,0.00039857120000000003,0.0006313463499999
nearly_canceling,openmp,mixed_fp32_fp64,4.0,1919384,8,0.000714903,0.00107531749999995,0.002311791624999975,0.003321552680984478,0.0009144940000000001,0.001652223749999975,0.0007323060500000001,0.007450235599999961
nearly_canceling,openmp,mixed_fp32_fp64,4.0,3684032,8,0.001392542,0.0027281149999999503,0.00550890887499995,0.0061246344005088,0.001481363999999975,0.006335281749999925,0.001392859449999965,0.015640903549999932
nearly_canceling,openmp,mixed_fp32_fp64,4.0,7071068,8,0.0024092879999999,0.0035562929999999,0.00569236362499995,0.00561846644146794,0.003119273999999975,0.004481359,0.0026464430999999003,0.014905578249999996
nearly_canceling,openmp,mixed_fp32_fp64,4.0,13572088,8,0.004499562,0.0064879094999999,0.008677380624999937,0.005363980695112591,0.0052968982499999005,0.010141074499999925,0.0047728843499999654,0.017195392999999996
nearly_canceling,openmp,mixed_fp32_fp64,4.0,26050038,8,0.00935797,0.00969172699999995,0.010215086749999975,0.001165313480582903,0.0094874875,0.010356601249999925,0.0093931849,0.0121656586
nearly_canceling,openmp,mixed_fp32_fp64,4.0,50000000,8,0.01781028,0.01960433049999995,0.02082312537499995,0.0037615844119700693,0.0186166732499999,0.021450884,0.017980505999999966,0.02674862359999993
nearly_canceling,openmp,mixed_fp32_fp64,8.0,1000000,8,0.00313954,0.01080538399999995,0.01154226599999995,0.00682093777191891,0.0065018942499999,0.014959189250000001,0.0039279986499999656,0.021363259649999935
nearly_canceling,openmp,mixed_fp32_fp64,8.0,1919384,8,0.003474193,0.013138971499999999,0.01588132262499999,0.009470557033877048,0.011566405,0.020316769250000002,0.0055403872,0.029850594899999926
nearly_canceling,openmp,mixed_fp32_fp64,8.0,3684032,8,0.0060463749999999,0.016104777,0.017877434999999976,0.008132969163732153,0.01520836875,0.019083320749999924,0.008656828999999935,0.030465278999999998
nearly_canceling,openmp,mixed_fp32_fp64,8.0,7071068,8,0.002471935,0.011145843999999901,0.010326211249999937,0.005797815957152495,0.005601227749999976,0.0140472954999999,0.002947753349999965,0.017549357049999964
nearly_canceling,openmp,mixed_fp32_fp64,8.0,13572088,8,0.006474393,0.012211187,0.013125316249999987,0.005826543996603014,0.008428355999999925,0.018207527,0.0065992695,0.020601120049999998
nearly_canceling,openmp,mixed_fp32_fp64,8.0,26050038,8,0.0089118919999999,0.014076645499999901,0.01557770637499995,0.005793254753038376,0.011085419499999999,0.019841676749999974,0.009374322149999935,0.023742265349999965
nearly_canceling,openmp,mixed_fp32_fp64,8.0,50000000,8,0.01227319,0.0156221925,0.01742513424999995,0.005053662223175825,0.0133856029999999,0.021757998499999924,0.012391344749999965,0.024483769799999933
nearly_canceling,openmp,mixed_fp32_fp64,16.0,1000000,8,0.011838438,0.022461546,0.020832753999999988,0.005968135254917746,0.01733424375,0.025878154,0.0121923195,0.026255982199999934
nearly_canceling,openmp,mixed_fp32_fp64,16.0,1919384,8,0.011866588,0.01942257499999995,0.018592380124999974,0.00421416425348311,0.015948016000000002,0.020574796999999975,0.01274779105,0.023984733499999963
nearly_canceling,openmp,mixed_fp32_fp64,16.0,3684032,8,0.0074935569999999,0.0195709195,0.018923632249999964,0.005033429050895103,0.018504562999999925,0.021659967249999926,0.011231018699999935,0.0234991171
nearly_canceling,openmp,mixed_fp32_fp64,16.0,7071068,8,0.011067718,0.019605959,0.01810370825,0.003483319348918161,0.016254246,0.0200957695,0.012749739950000002,0.02135545215
nearly_canceling,openmp,mixed_fp32_fp64,16.0,13572088,8,0.009432133,0.018676810999999953,0.01798161674999995,0.005715600600678888,0.014752858,0.021940853499999902,0.009926791150000001,0.024753799599999897
nearly_canceling,openmp,mixed_fp32_fp64,16.0,26050038,8,0.0129697749999999,0.02093194199999995,0.02009059937499995,0.0045420229971871035,0.01810731925,0.0229646782499999,0.013393699899999936,0.025129941249999965
nearly_canceling,openmp,mixed_fp32_fp64,16.0,50000000,8,0.016827172,0.022081992999999953,0.02171137437499995,0.0030972383025326317,0.019853066749999926,0.024218287999999925,0.01746426195,0.024944512199999935
nearly_canceling,openmp,mixed_fp32_fp64,22.0,1000000,8,0.0103942589999999,0.0281005585,0.02647782012499995,0.011351696531530096,0.017009696749999977,0.0318560244999999,0.012499396299999901,0.04152420704999996
nearly_canceling,openmp,mixed_fp32_fp64,22.0,1919384,8,0.015890086,0.02042048849999995,0.020692098374999964,0.0044290080652347715,0.016799530249999976,0.024910000499999974,0.015930902999999965,0.025543391849999965
nearly_canceling,openmp,mixed_fp32_fp64,22.0,3684032,8,0.015574001,0.022846398999999948,0.024852489499999963,0.008285712420648456,0.0180067775,0.03375128574999998,0.01574804795,0.0346981110999999
nearly_canceling,openmp,mixed_fp32_fp64,22.0,7071068,8,0.0147114629999999,0.026179577500000002,0.025009724249999962,0.005713454548597284,0.022040201749999926,0.02957797925,0.016657783599999934,0.030461498799999934
nearly_canceling,openmp,mixed_fp32_fp64,22.0,13572088,8,0.01028508,0.026893694000000003,0.028413293749999975,0.012165289549993743,0.021494654999999977,0.03425559549999992,0.013768316399999966,0.0454799078
nearly_canceling,openmp,mixed_fp32_fp64,22.0,26050038,8,0.0165363159999999,0.022006964999999948,0.023022488749999962,0.006436975701554145,0.016627207,0.029101984749999924,0.016559774049999938,0.0310597621
nearly_canceling,openmp,mixed_fp32_fp64,22.0,50000000,8,0.019216486,0.02309075099999995,0.025756403499999962,0.006419910631472162,0.0208137985,0.03138100124999993,0.0196442749,0.03469406679999994
nearly_canceling,serial,mixed_fp32_fp64,,1000000,8,0.00099719,0.00105058699999995,0.0010550492499999751,4.6529696974094495e-05,0.001018959999999925,0.00108748075,0.00100006245,0.0011189501500000001
nearly_canceling,serial,mixed_fp32_fp64,,1919384,8,0.002107298,0.00215893049999995,0.0022378153749999753,0.00024025466483769303,0.00212518925,0.002190216999999925,0.0021080666000000002,0.0026193621999999997
nearly_canceling,serial,mixed_fp32_fp64,,3684032,8,0.004196048,0.004464026,0.004492924499999975,0.00022950582733154457,0.004329044499999925,0.00460655775,0.00423742395,0.004823141199999935
nearly_canceling,serial,mixed_fp32_fp64,,7071068,8,0.0073153589999999,0.00765624649999995,0.00801374499999995,0.0009984540517863584,0.00751549725,0.007980576499999899,0.007347916349999935,0.009634275949999965
nearly_canceling,serial,mixed_fp32_fp64,,13572088,8,0.014766674,0.0179128704999999,0.01774113462499994,0.001895303181892452,0.016787335999999924,0.0186293054999999,0.015160867100000001,0.020221574999999964
nearly_canceling,serial,mixed_fp32_fp64,,26050038,8,0.024012563,0.025277960000000002,0.025267070374999975,0.0008265714162936511,0.024959465749999927,0.025637968249999928,0.0241137074,0.02635957825
nearly_canceling,serial,mixed_fp32_fp64,,50000000,8,0.0442637079999999,0.048685666499999905,0.04887500637499994,0.002723705550181661,0.04753568024999993,0.051050536499999924,0.04508059399999994,0.0521314636
normal,openmp,fp64,1.0,1000000,8,0.000622936,0.0006373279999999,0.0006476151249999375,2.5497840734567763e-05,0.000633272749999975,0.0006532002499999,0.0006258122999999651,0.000689729599999965
normal,openmp,fp64,1.0,1919384,8,0.001532401,0.0015646975,0.0016647733749999625,0.00028665502734665155,0.001537254749999975,0.001594127749999975,0.001533361399999965,0.0021115343999998995
normal,openmp,fp64,1.0,3684032,8,0.0031243529999999,0.00314469049999995,0.00318459724999995,0.00011052198225661947,0.003135549249999925,0.0031600264999999753,0.003127508599999935,0.0033612442999999648
normal,openmp,fp64,1.0,7071068,8,0.005891533,0.0064645309999999505,0.006869047874999975,0.0012683892088176287,0.006148074249999925,0.00691980725,0.00596155225,0.00891732885
normal,openmp,fp64,1.0,13572088,8,0.011002852,0.01156656349999995,0.011761394874999975,0.0007138972435807253,0.011142417499999925,0.012496903,0.01104637695,0.012614309
normal,openmp,fp64,1.0,26050038,8,0.0212181159999999,0.0221737765,0.02261558437499994,0.0013421045139188597,0.0218892167499999,0.022926574749999973,0.0213456353499999,0.0247442788999999
normal,openmp,fp64,1.0,50000000,8,0.039883345,0.04099715249999995,0.04124299712499995,0.0012766452772282996,0.040147275749999906,0.041946041999999926,0.039971561449999964,0.043137606800000006
normal,openmp,fp64,2.0,1000000,8,0.00031909,0.000326479,0.0003759391249999875,9.014367332596307e-05,0.000322749749999925,0.00038783100000000005,0.00032015855,0.0005286402999999999
normal,openmp,fp64,2.0,1919384,8,0.001034661,0.00117223399999995,0.001164348374999975,0.00010497037315757533,0.001066900749999925,0.0012515187500000001,0.0010403534,0.0012888598000000001
normal,openmp,fp64,2.0,3684032,8,0.001685473,0.002001106,0.002272166874999975,0.0006594866580297206,0.00186956025,0.002440384999999975,0.0017189424500000001,0.0033538571999999
normal,openmp,fp64,2.0,7071068,8,0.003456512,0.003833768,0.003963264999999975,0.0005710039323336826,0.00366271375,0.003980637499999975,0.00348405735,0.004876275499999899
normal,openmp,fp64,2.0,13572088,8,0.0064327239999999,0.00671409899999995,0.006918781749999975,0.0005238408196664358,0.006534674000000001,0.0071843585,0.006453253949999935,0.00772876845
normal,openmp,fp64,2.0,26050038,8,0.012302713,0.012950547499999951,0.012879566374999976,0.00040206967283078183,0.0125563525,0.013131864999999975,0.0123626785,0.013370542149999965
normal,openmp,fp64,2.0,50000000,8,0.023786272,0.025544729500000002,0.025719152374999964,0.001279807870067444,0.0250055117499999,0.026434999249999976,0.024153461199999966,0.027492714849999964
normal,openmp,fp64,4.0,1000000,8,0.001752997,0.00632878749999995,0.006860200749999963,0.0050727279501785495,0.0038520089999999,0.00775574925,0.002030989399999965,0.014473402599999994
normal,openmp,fp64,4.0,1919384,8,0.0005280849999999,0.00055562349999995,0.00063753424999995,0.00021229248508045515,0.00054120575,0.000598353499999925,0.000529284449999935,0.0009775357499999348
normal,openmp,fp64,4.0,3684032,8,0.0013025249999999,0.003945479999999901,0.005083883249999925,0.00383266766669564,0.002310433749999925,0.0071893294999999255,0.001403538499999935,0.010854598749999934
normal,openmp,fp64,4.0,7071068,8,0.00240477,0.00293548,0.006185176499999987,0.005704936705434497,0.0026193152499999752,0.00809451625,0.002448487099999965,0.015541313899999996
normal,openmp,fp64,4.0,13572088,8,0.0040690659999999,0.005517890500000001,0.00667381337499995,0.0029504051293610285,0.0042903804999999,0.008639322749999925,0.0040978874499999,0.0110181688
normal,openmp,fp64,4.0,26050038,8,0.0082577229999999,0.0090479934999999,0.00965982412499995,0.0018467518607420436,0.008685078,0.009762407749999924,0.008296761649999936,0.012637429849999998
normal,openmp,fp64,4.0,50000000,8,0.0157921739999999,0.0163686749999999,0.01776699399999994,0.003045294883200398,0.0159761552499999,0.01776946425,0.0158388636499999,0.0228760885
normal,openmp,fp64,8.0,1000000,8,0.0031551589999999,0.015804137000000003,0.014256868374999962,0.006418128059982718,0.01220754775,0.017635115749999902,0.004396924349999935,0.02129058614999996
normal,openmp,fp64,8.0,1919384,8,0.0037400739999999,0.006007983499999901,0.008313468874999938,0.005033907850759326,0.004528738,0.012093032999999925,0.0037529847999999352,0.015704824599999934
normal,openmp,fp64,8.0,3684032,8,0.005708421,0.017366456000000002,0.014618913624999976,0.006038425833032738,0.009119209999999925,0.018583226499999977,0.0063297403,0.020813091949999966
normal,openmp,fp64,8.0,7071068,8,0.004547217,0.01727381399999995,0.016111960874999977,0.006953660218521675,0.012976324999999974,0.02055598025,0.005701820799999965,0.024019155
normal,openmp,fp64,8.0,13572088,8,0.009484114,0.0162608445,0.016198243499999977,0.005348344308239249,0.011414597749999925,0.019725859499999974,0.0101145396,0.023385010549999963
normal,openmp,fp64,8.0,26050038,8,0.007578546,0.01230372349999995,0.013031834124999989,0.003911746379197606,0.01124005075,0.014665959249999999,0.008473244,0.018748288149999997
normal,openmp,fp64,8.0,50000000,8,0.0111727289999999,0.012772614,0.015215789874999976,0.005561503712965139,0.011919834,0.01610705775,0.011307622499999935,0.02441995004999993
normal,openmp,fp64,16.0,1000000,8,0.0158678379999999,0.02034353799999995,0.021738121499999936,0.005109819123956271,0.019015456499999927,0.023370098999999974,0.016406303899999936,0.0295677723999999
normal,openmp,fp64,16.0,1919384,8,0.0087146159999999,0.017786251000000003,0.017445556249999977,0.004890188732014767,0.015816330249999924,0.020633857250000002,0.010127512099999935,0.023062275099999998
normal,openmp,fp64,16.0,3684032,8,0.006893327,0.01737894099999995,0.020205936499999976,0.011280160427485222,0.015762811,0.02090808725,0.00984875325,0.03766881509999992
normal,openmp,fp64,16.0,7071068,8,0.0165409489999999,0.0210506039999999,0.02134498149999995,0.003095246300169637,0.019934481,0.022690463749999973,0.017544371349999935,0.025633011549999963
normal,openmp,fp64,16.0,13572088,8,0.015326968,0.020870573499999948,0.020513499499999976,0.0031123101937945235,0.0189434825,0.023076601000000002,0.015923781,0.023848000399999937
normal,openmp,fp64,16.0,26050038,8,0.016696875,0.021065956499999948,0.021196393374999976,0.002710372430574962,0.01959427675,0.022953288499999926,0.0176637038,0.02466817925
normal,openmp,fp64,16.0,50000000,8,0.018879716,0.0214731565,0.022607243374999975,0.004249699543744362,0.0191572619999999,0.024287079250000003,0.018894193749999965,0.0291325911
normal,openmp,fp64,22.0,1000000,8,0.00984692,0.022862129999999953,0.022055123249999975,0.007082992080159732,0.0185874275,0.027099402249999974,0.011638402700000001,0.030106295749999963
normal,openmp,fp64,22.0,1919384,8,0.013536609,0.01992321349999995,0.022012691374999976,0.008048190399042332,0.016188618000000002,0.025537364499999975,0.0141493785,0.034179389349999964
normal,openmp,fp64,22.0,3684032,8,0.012176863,0.024230616999999947,0.02257435237499996,0.005738928243854496,0.01993240675,0.0262951904999999,0.01369994995,0.028390631349999966
normal,openmp,fp64,22.0,7071068,8,0.018556642,0.02173809,0.025280438999999964,0.007210381960855065,0.020167056749999926,0.029814582499999902,0.0190654097,0.036409720249999965
normal,openmp,fp64,22.0,13572088,8,0.012176487,0.0200630929999999,0.02017744749999995,0.005645555154584892,0.017548065499999925,0.02195071,0.0133345621,0.028126925649999933
normal,openmp,fp64,22.0,26050038,8,0.015936361,0.023948598999999952,0.02267113462499999,0.00536724367183707,0.01773460725,0.02526358525,0.016236605,0.0296700046
normal,openmp,fp64,22.0,50000000,8,0.017609013,0.0254723765,0.025260638624999977,0.004377098135768755,0.023699997999999976,0.028955676499999927,0.018623875099999965,0.0298121054
normal,serial,fp64,,1000000,8,0.000674419,0.00071257899999995,0.0007331146249999375,6.506757284534153e-05,0.0006881947499999,0.0007517767499999001,0.000676093399999965,0.0008386491499999649
normal,serial,fp64,,1919384,8,0.0015538279999999,0.0017282285,0.001861889124999975,0.000344739149795672,0.00163378425,0.0019975587499999753,0.001578300699999935,0.0024036073499999647
normal,serial,fp64,,3684032,8,0.003135473,0.0032621829999999003,0.00326880024999995,8.762049314718893e-05,0.003203364499999975,0.003352338,0.003157174399999965,0.003371046499999935
normal,serial,fp64,,7071068,8,0.0059370919999999,0.006087782,0.006121913749999963,0.0001972111594239764,0.00600093075,0.006152489499999925,0.005947671099999935,0.0064272322499999346
normal,serial,fp64,,13572088,8,0.011030285,0.0112216225,0.011291948999999989,0.00031659353711300175,0.011159735249999976,0.01129047025,0.011033392299999965,0.01177797915
normal,serial,fp64,,26050038,8,0.020906191,0.02185027599999995,0.021757772999999963,0.0006579025253276783,0.02113348375,0.022295677749999902,0.020944556950000002,0.022529170549999967
normal,serial,fp64,,50000000,8,0.0402635049999999,0.0413546284999999,0.05497934837499994,0.03394346758750323,0.0407725805,0.0455270834999999,0.040395808499999936,0.10898382694999992
normal,openmp,mixed_fp32_fp64,1.0,1000000,8,0.0007813899999999,0.00084641149999995,0.0008342721249999625,2.9180608416442934e-05,0.000813453,0.0008529072500000001,0.000791452849999935,0.000863512199999935
normal,openmp,mixed_fp32_fp64,1.0,1919384,8,0.001824873,0.0018950174999999999,0.001944500375,0.00018565385132701554,0.00182969875,0.00193729175,0.0018262877,0.00224019665
normal,openmp,mixed_fp32_fp64,1.0,3684032,8,0.0036473529999999,0.0037936009999999503,0.00380805387499995,0.00015563252923236063,0.00369027625,0.003851640499999925,0.003660600849999935,0.004043562149999935
normal,openmp,mixed_fp32_fp64,1.0,7071068,8,0.0068695739999999,0.00740786999999995,0.007369405124999937,0.0003896207272421362,0.007032596249999975,0.007546069999999975,0.0069105019499999,0.007914021199999899
normal,openmp,mixed_fp32_fp64,1.0,13572088,8,0.012659208,0.013050369499999999,0.013132450625,0.0003876966339077638,0.012940435,0.01323657575,0.012705086,0.0137300205
normal,openmp,mixed_fp32_fp64,1.0,26050038,8,0.023657555,0.0246685634999999,0.02474648724999995,0.0009104929231201897,0.024182396999999974,0.025059007999999924,0.023767138599999963,0.026083477799999998
normal,openmp,mixed_fp32_fp64,1.0,50000000,8,0.043970924,0.0455984919999999,0.04604913649999995,0.0016281088474747213,0.044954287749999926,0.04707910424999993,0.0443141109,0.0483920559
normal,openmp,mixed_fp32_fp64,2.0,1000000,8,0.0003964209999999,0.00043454849999995,0.0005960149999999625,0.0004779904090944728,0.000403193999999975,0.000457531,0.00039675244999989997,0.0013194187499999993
normal,openmp,mixed_fp32_fp64,2.0,1919384,8,0.001488362,0.00158959699999995,0.00160930199999995,0.0001088019962986683,0.0015131582499999,0.001683190249999925,0.001496908649999965,0.0017631707
normal,openmp,mixed_fp32_fp64,2.0,3684032,8,0.001898083,0.0021335475,0.00239046687499995,0.0005806871320617368,0.001972593249999975,0.0026674432499999004,0.001907295699999965,0.0033055244999998998
normal,openmp,mixed_fp32_fp64,2.0,7071068,8,0.003896952,0.004331027499999951,0.005889389749999962,0.0037463472016018955,0.0041654712499999,0.0050996805,0.003976891299999965,0.012069685049999996
normal,openmp,mixed_fp32_fp64,2.0,13572088,8,0.0071745639999999,0.0079553999999999,0.008393340624999938,0.0015561372735684899,0.00752835525,0.0084440679999999,0.007204531699999935,0.010908915149999964
normal,openmp,mixed_fp32_fp64,2.0,26050038,8,0.013773214,0.0146344465,0.014655708875,0.0004772856502528308,0.01444935675,0.01493165275,0.014005990250000001,0.01525427355
normal,openmp,mixed_fp32_fp64,2.0,50000000,8,0.024948978,0.02875971599999995,0.028870576249999964,0.00325171727798923,0.025914435999999975,0.031900032249999925,0.025058399899999965,0.0327551329
normal,openmp,mixed_fp32_fp64,4.0,1000000,8,0.001746767,0.00400314649999995,0.00572182337499995,0.005077549567801486,0.00221755975,0.0067587082499999,0.00177592305,0.014060015199999895
normal,openmp,mixed_fp32_fp64,4.0,1919384,8,0.000691423,0.00074006899999995,0.000838274374999975,0.0001962716930772343,0.0007134685,0.00089888675,0.0006920425000000001,0.001156337999999935
normal,openmp,mixed_fp32_fp64,4.0,3684032,8,0.001600002,0.00282803999999995,0.00359522174999995,0.002502026505661419,0.0017894789999998999,0.004303650999999975,0.001601612699999965,0.007586467149999963
normal,openmp,mixed_fp32_fp64,4.0,7071068,8,0.0022959809999999,0.0032783304999999003,0.004513329874999938,0.00242020249419315,0.002950267499999925,0.0057820662500000005,0.002459292749999935,0.008346996199999934
normal,openmp,mixed_fp32_fp64,4.0,13572088,8,0.0047143009999999,0.0062147879999999,0.007142687999999938,0.002307745789177495,0.005958185999999975,0.007609947499999926,0.0050779698999999,0.0109156666
normal,openmp,mixed_fp32_fp64,4.0,26050038,8,0.008692145,0.010745797500000001,0.010792688124999988,0.00192617663636947,0.008966971749999976,0.01176911325,0.008778389549999965,0.0135564552
normal,openmp,mixed_fp32_fp64,4.0,50000000,8,0.016690578,0.017499887999999998,0.018560151874999986,0.003225129709387716,0.017319049000000003,0.017752182999999925,0.01686254945,0.023561296499999995
normal,openmp,mixed_fp32_fp64,8.0,1000000,8,0.005367229,0.015067258,0.014784048624999989,0.007761005230083122,0.00839391225,0.018968666749999925,0.005875331,0.025513801899999994
normal,openmp,mixed_fp32_fp64,8.0,1919384,8,0.0014373859999999,0.0061004489999999505,0.00751013799999995,0.005787131226024579,0.00415197175,0.008798748999999925,0.001987460699999935,0.016719237799999932
normal,openmp,mixed_fp32_fp64,8.0,3684032,8,0.007631907,0.01545866599999995,0.01572714799999996,0.004999065278695563,0.0140203589999999,0.01671930575,0.009790712249999965,0.022685056349999996
normal,openmp,mixed_fp32_fp64,8.0,7071068,8,0.004673306,0.017296785000000002,0.015606837624999976,0.007308195331492282,0.011697150249999975,0.018675194749999922,0.005498785199999965,0.024684527949999997
normal,openmp,mixed_fp32_fp64,8.0,13572088,8,0.0072606779999999,0.01563730349999995,0.014452382124999963,0.003992633523743752,0.0119128405,0.0166268015,0.008793212149999934,0.018926298949999934
normal,openmp,mixed_fp32_fp64,8.0,26050038,8,0.008316863,0.014520109499999951,0.013570835624999975,0.0036905764895981924,0.010171773499999976,0.016096640250000002,0.008779637899999965,0.01790515075
normal,openmp,mixed_fp32_fp64,8.0,50000000,8,0.011496964,0.013286209,0.014331190375,0.0031337194168535322,0.01261114575,0.0148534835,0.0117097031,0.019400409299999997
normal,openmp,mixed_fp32_fp64,16.0,1000000,8,0.017519294,0.024610418999999953,0.02451433987499994,0.004944290527645611,0.0217281834999999,0.026754970749999926,0.018069212249999966,0.031224409049999936
normal,openmp,mixed_fp32_fp64,16.0,1919384,8,0.008827734,0.0202252955,0.019640722,0.00629448285806338,0.01510505225,0.025456196,0.0110103067,0.02627714665
normal,openmp,mixed_fp32_fp64,16.0,3684032,8,0.015842977,0.02084565799999995,0.021179198999999965,0.004241040696816282,0.018590935749999975,0.0230084045,0.016077734949999967,0.027380982149999934
normal,openmp,mixed_fp32_fp64,16.0,7071068,8,0.01277413,0.017251171000000003,0.01750981337499995,0.0033455217344550603,0.015228812749999925,0.0191974089999999,0.0135594327,0.0221627474499999
normal,openmp,mixed_fp32_fp64,16.0,13572088,8,0.0158450849999999,0.0193549095,0.020370527499999964,0.0033231406493696753,0.018481708249999902,0.022200491,0.0167045117499999,0.02527867305
normal,openmp,mixed_fp32_fp64,16.0,26050038,8,0.015276734,0.02268269399999995,0.02312989849999999,0.004710335442619078,0.02066609175,0.025999472,0.0169963666,0.0293123939
normal,openmp,mixed_fp32_fp64,16.0,50000000,8,0.013967789,0.0206133209999999,0.020970604249999962,0.006006068427357722,0.015181844499999925,0.026690834,0.014235178499999999,0.0282500796
normal,openmp,mixed_fp32_fp64,22.0,1000000,8,0.0100771349999999,0.0183870884999999,0.01984583774999994,0.008501497276989782,0.013098057249999925,0.023970948750000002,0.011069053549999935,0.03241964724999993
normal,openmp,mixed_fp32_fp64,22.0,1919384,8,0.0158832609999999,0.021523600999999948,0.02257731837499994,0.0060233007672791964,0.020009448249999978,0.022778754499999925,0.0171476993499999,0.03165156484999993
normal,openmp,mixed_fp32_fp64,22.0,3684032,8,0.008327647,0.021394556500000002,0.021320452625,0.0068706137821655435,0.01876967125,0.024811364500000002,0.011617167850000002,0.029730897449999998
normal,openmp,mixed_fp32_fp64,22.0,7071068,8,0.013897421,0.017698741499999948,0.02103415949999995,0.007050238839037614,0.016708139749999976,0.025356638749999928,0.014401202599999965,0.03162478814999994
normal,openmp,mixed_fp32_fp64,22.0,13572088,8,0.017302609,0.021142052999999897,0.024733548374999963,0.007712179727386373,0.019958591,0.029825009999999975,0.0173762364,0.036163184049999963
normal,openmp,mixed_fp32_fp64,22.0,26050038,8,0.010047036,0.0209392085,0.019773497499999976,0.006742275483673142,0.014555638,0.025907549249999974,0.01079042795,0.0265485845499999
normal,openmp,mixed_fp32_fp64,22.0,50000000,8,0.019617379,0.02707958849999995,0.03000402687499995,0.010059660278830406,0.0227635297499999,0.03358481374999998,0.020650702549999966,0.045777557699999964
normal,serial,mixed_fp32_fp64,,1000000,8,0.0008520809999999,0.000900602,0.00091731324999995,5.881226062590079e-05,0.000872707999999975,0.0009539029999999,0.0008584772499999,0.001002169349999965
normal,serial,mixed_fp32_fp64,,1919384,8,0.001831736,0.0020943660000000003,0.0024641224999999876,0.0008921748225736006,0.0018653922499999999,0.00257841525,0.00183443765,0.0039615230499999345
normal,serial,mixed_fp32_fp64,,3684032,8,0.003649414,0.00383577749999995,0.004035198874999988,0.00044721066256406234,0.0038152735,0.004059156,0.0036962566,0.00477040265
normal,serial,mixed_fp32_fp64,,7071068,8,0.0070385769999999,0.0071458299999999,0.007498978374999937,0.0006755017429671919,0.007085848249999925,0.007623547499999975,0.007048968149999935,0.008614881749999964
normal,serial,mixed_fp32_fp64,,13572088,8,0.012783581,0.0131706014999999,0.013142088249999975,0.00023462837874437242,0.01299370675,0.013338962,0.0128136411,0.0133965121
normal,serial,mixed_fp32_fp64,,26050038,8,0.0229336919999999,0.0235731835,0.023809302499999963,0.0008614596989465728,0.023457590999999924,0.02375175725,0.023090561999999936,0.025199830799999934
normal,serial,mixed_fp32_fp64,,50000000,8,0.0446621209999999,0.046216917499999954,0.04694620724999994,0.0026921517135527484,0.0451711582499999,0.04743755649999992,0.0446680790499999,0.0513236917
positive_uniform,openmp,fp64,1.0,1000000,8,0.0006901859999999,0.00069300699999995,0.00072124374999995,5.66655581857376e-05,0.000692326,0.0007171149999999,0.000690430999999935,0.000817157949999965
positive_uniform,openmp,fp64,1.0,1919384,8,0.001479791,0.00154590049999995,0.001564951499999975,8.229880297167059e-05,0.00150939275,0.001591010249999975,0.00148731215,0.001693713399999965
positive_uniform,openmp,fp64,1.0,3684032,8,0.002932412,0.0030533774999999003,0.0031757071249999625,0.0002631727398499645,0.002995079499999925,0.00330941125,0.0029525664,0.0035821255
positive_uniform,openmp,fp64,1.0,7071068,8,0.006174279,0.0062873579999999,0.006374170874999962,0.00021645874176880813,0.0062455287499999755,0.0064608800000000004,0.006175522899999965,0.0067116035
positive_uniform,openmp,fp64,1.0,13572088,8,0.01127259,0.0116737605,0.011705896624999988,0.00039402179224282135,0.01141185575,0.011832594500000002,0.01131159925,0.012297162749999936
positive_uniform,openmp,fp64,1.0,26050038,8,0.021109038,0.021734165,0.02174145599999996,0.0005064068265755,0.021339049249999922,0.021930700999999924,0.0211855564,0.022491964499999937
positive_uniform,openmp,fp64,1.0,50000000,8,0.0407812369999999,0.042531838,0.04321712049999995,0.002256100836186619,0.04178732549999998,0.04424172049999993,0.041006635599999904,0.04669812089999993
positive_uniform,openmp,fp64,2.0,1000000,8,0.000339827,0.0003984639999999,0.00044804874999997504,0.00013760221912741282,0.0003580325,0.00046967425000000003,0.00034054415,0.00067760255
positive_uniform,openmp,fp64,2.0,1919384,8,0.001000038,0.00114872099999995,0.0012702364999999875,0.00024505038573963974,0.00113021775,0.0014274037499999999,0.0010320818999999999,0.0016415713
positive_uniform,openmp,fp64,2.0,3684032,8,0.001670456,0.00194200299999995,0.0022788737499999626,0.0007652313499951147,0.0017533357499999748,0.0025032787500000003,0.001691251599999965,0.003527699849999935
positive_uniform,openmp,fp64,2.0,7071068,8,0.0036462579999999,0.0044590165,0.004649745999999937,0.0012422090911803569,0.0036674819999999,0.004769835749999975,0.0036477580999999004,0.006663106349999899
positive_uniform,openmp,fp64,2.0,13572088,8,0.0066445239999999,0.00714393549999995,0.0073701547499999374,0.0009395718626487981,0.006940701999999925,0.007345583999999975,0.006665274099999935,0.008818282249999898
positive_uniform,openmp,fp64,2.0,26050038,8,0.0125333749999999,0.01397679449999995,0.013960797999999976,0.0013275862418860732,0.01267004575,0.01463560725,0.012575054399999935,0.01586724575
positive_uniform,openmp,fp64,2.0,50000000,8,0.0239387559999999,0.0249425874999999,0.02591691599999995,0.0026064095782581584,0.024286708999999924,0.02632503525,0.023972432999999935,0.0302107811
positive_uniform,openmp,fp64,4.0,1000000,8,0.000283662,0.00029116749999990004,0.00033316799999995,0.00010808790077130349,0.000288326499999975,0.000311645999999975,0.00028444459999996504,0.0004995119999999649
positive_uniform,openmp,fp64,4.0,1919384,8,0.0005138229999999,0.0006456959999999,0.00068284662499995,0.00016288904880749702,0.0005697487500000001,0.000744408499999975,0.000521120149999935,0.000930879799999965
positive_uniform,openmp,fp64,4.0,3684032,8,0.002281211,0.0106344335,0.010122576499999987,0.005842900050565333,0.0062538202499999255,0.01211259375,0.0028347031,0.018452935349999998
positive_uniform,openmp,fp64,4.0,7071068,8,0.0021878459999999,0.0025220009999999,0.004160390124999937,0.00309477776246922,0.00224604975,0.004635912249999975,0.002192039699999935,0.009334125249999898
positive_uniform,openmp,fp64,4.0,13572088,8,0.004560624,0.0059968075,0.008145458499999975,0.004553146120804071,0.004955584250000001,0.009836893249999926,0.0046940734,0.015548787799999932
positive_uniform,openmp,fp64,4.0,26050038,8,0.0084228299999999,0.01005230699999995,0.010827277624999975,0.002845217417388158,0.00878940175,0.01138510775,0.008483035249999936,0.0154685839
positive_uniform,openmp,fp64,4.0,50000000,8,0.015782592,0.016686957000000002,0.017215006624999987,0.0017779082781786742,0.016143936,0.017584062499999976,0.015832100550000002,0.019966965349999963
positive_uniform,openmp,fp64,8.0,1000000,8,0.000241694,0.00029178599999995,0.0004197823749999625,0.0002783813587749979,0.000262362999999925,0.00042885649999997505,0.0002475369,0.0008870704999999647
positive_uniform,openmp,fp64,8.0,1919384,8,0.003327221,0.01513480249999995,0.015299438874999976,0.008611521927629408,0.009454737249999975,0.0230354335,0.003884416799999965,0.0253437237
positive_uniform,openmp,fp64,8.0,3684032,8,0.00626275,0.01454468649999995,0.013502434499999938,0.004954636040754877,0.0114875789999999,0.0160564522499999,0.006276475249999965,0.019223088949999963
positive_uniform,openmp,fp64,8.0,7071068,8,0.005785844,0.014586293,0.014583990124999988,0.005704353589002725,0.01013654875,0.020168859749999928,0.0073057533000000004,0.02074568875
positive_uniform,openmp,fp64,8.0,13572088,8,0.0080907989999999,0.013037083499999949,0.013039876499999962,0.003133861722106138,0.01138514425,0.014227392499999976,0.008961897199999935,0.017446037949999965
positive_uniform,openmp,fp64,8.0,26050038,8,0.0099182509999999,0.0162387839999999,0.016556445499999937,0.004079772356885494,0.014687901499999925,0.018568407499999974,0.011266928749999936,0.022118668349999964
positive_uniform,openmp,fp64,8.0,50000000,8,0.011850143,0.01576122599999995,0.016738696624999976,0.004525880649545821,0.01417362125,0.017983392999999973,0.0120022292,0.023893001849999963
positive_uniform,openmp,fp64,16.0,1000000,8,0.0125461689999999,0.018249019,0.017764533749999964,0.0035636467407537866,0.016265113999999928,0.019605564250000002,0.012644098649999935,0.022100686749999935
positive_uniform,openmp,fp64,16.0,1919384,8,0.014392757,0.01994385249999995,0.019879625249999974,0.003684294200490053,0.017975115749999975,0.0220147545,0.014939247699999965,0.02466827905
positive_uniform,openmp,fp64,16.0,3684032,8,0.013550586,0.02206699699999995,0.021888012249999964,0.005212503035762115,0.019393637499999974,0.02511303825,0.014573969899999964,0.028466912299999935
positive_uniform,openmp,fp64,16.0,7071068,8,0.011102321,0.021247955,0.023334157249999987,0.010401035161430002,0.018491119749999976,0.0244525435,0.013621947899999966,0.03923543989999999
positive_uniform,openmp,fp64,16.0,13572088,8,0.011262338,0.01918663549999995,0.02068166474999995,0.005798020354487582,0.018995415749999973,0.022056193749999925,0.013933208649999964,0.029271708499999934
positive_uniform,openmp,fp64,16.0,26050038,8,0.011183761,0.019030942999999953,0.01838645437499995,0.0044421048563345125,0.015613453249999923,0.022144388499999924,0.0120025251,0.023150918149999936
positive_uniform,openmp,fp64,16.0,50000000,8,0.019503909,0.02519890699999995,0.025618356249999974,0.005715662963998062,0.0203083175,0.02880645625,0.019717381,0.033710798149999936
positive_uniform,openmp,fp64,22.0,1000000,8,0.0079904969999999,0.021263326,0.019744405499999965,0.005971038180497386,0.0190551225,0.0236817629999999,0.009902480849999935,0.024965423599999963
positive_uniform,openmp,fp64,22.0,1919384,8,0.008938298,0.021841007000000003,0.021744574625,0.009015591229148993,0.01620543275,0.0269858545,0.010076975750000002,0.03378628424999999
positive_uniform,openmp,fp64,22.0,3684032,8,0.0161765869999999,0.026370453999999953,0.025779844249999965,0.00608834238273763,0.021157336,0.029806112500000002,0.017879585849999935,0.03340073659999993
positive_uniform,openmp,fp64,22.0,7071068,8,0.012370499,0.02592808499999995,0.02431655349999995,0.0076772087190870785,0.022034409749999977,0.027250954749999924,0.013135633299999965,0.033374981999999935
positive_uniform,openmp,fp64,22.0,13572088,8,0.012078323,0.022895031000000003,0.023954769624999976,0.006591715607083772,0.021202229750000003,0.028406984499999975,0.015196677050000001,0.0322291233499999
positive_uniform,openmp,fp64,22.0,26050038,8,0.012621148,0.021894320000000002,0.024285835874999974,0.010244102875074086,0.015914541749999976,0.031269562999999924,0.013590491899999965,0.0390197177
positive_uniform,openmp,fp64,22.0,50000000,8,0.016260172,0.0235860255,0.025912595874999937,0.008982899638707634,0.0187674902499999,0.0331676972499999,0.016712700999999965,0.0378369571499999
positive_uniform,serial,fp64,,1000000,8,0.000763416,0.0008549795,0.000864000999999975,8.655674244594404e-05,0.00079627275,0.0009157137499998999,0.000766146,0.0009878685499999649
positive_uniform,serial,fp64,,1919384,8,0.0014808569999999,0.0015142060000000001,0.001519929499999975,2.7394196257080603e-05,0.00150252125,0.0015419000000000001,0.001486468899999935,0.001556122449999935
positive_uniform,serial,fp64,,3684032,8,0.002913255,0.003021792,0.003059616999999975,0.00013103738849327333,0.00296412525,0.0031283622499999,0.0029288832000000002,0.003257400849999965
positive_uniform,serial,fp64,,7071068,8,0.0061877809999999,0.00638476349999995,0.006859423874999938,0.0009518925999853881,0.006270626749999975,0.007046878249999975,0.0062134723999999,0.0083957739499999
positive_uniform,serial,fp64,,13572088,8,0.0111779659999999,0.011671381500000001,0.011839408874999988,0.0008816303067804883,0.011306851750000001,0.011848387750000001,0.011203606649999935,0.013195461149999999
positive_uniform,serial,fp64,,26050038,8,0.0210613709999999,0.021561871,0.021669416874999937,0.0006218892578348566,0.021120697249999924,0.0221513234999999,0.021075412299999936,0.0224526964999999
positive_uniform,serial,fp64,,50000000,8,0.0397982959999999,0.04210588949999995,0.04231516924999994,0.0017299589182444696,0.0409633205,0.0441030607499999,0.04019356114999994,0.0442893025999999
positive_uniform,openmp,mixed_fp32_fp64,1.0,1000000,8,0.000930265,0.0009556024999999,0.0009631303749999625,3.5645881012051725e-05,0.0009341735,0.000974857249999925,0.0009310518000000001,0.0010192795
positive_uniform,openmp,mixed_fp32_fp64,1.0,1919384,8,0.0019600749999999,0.00203240299999995,0.00206019087499995,8.934763165690085e-05,0.002009344499999925,0.002111699,0.001962113749999935,0.0021919749499999352
positive_uniform,openmp,mixed_fp32_fp64,1.0,3684032,8,0.003864137,0.00404876299999995,0.004232616874999963,0.00049972618079658,0.003902036249999925,0.004297424500000001,0.0038717971,0.005063596849999935
positive_uniform,openmp,mixed_fp32_fp64,1.0,7071068,8,0.007006746,0.007263869,0.007397503874999988,0.0004318819403452554,0.00720947025,0.00736601525,0.0070566703500000005,0.008107273749999935
positive_uniform,openmp,mixed_fp32_fp64,1.0,13572088,8,0.012841108,0.013489014,0.013740242124999988,0.0009176345040882244,0.01307195,0.014115247749999974,0.01288371525,0.015167568549999965
positive_uniform,openmp,mixed_fp32_fp64,1.0,26050038,8,0.0233793259999999,0.02406554899999995,0.02470161862499995,0.0021386557747849325,0.023646145249999976,0.024443470499999974,0.023446824199999897,0.028027651549999963
positive_uniform,openmp,mixed_fp32_fp64,1.0,50000000,8,0.044627567,0.04540998599999995,0.04590651087499994,0.0014283711766540402,0.04513164449999998,0.0459610739999999,0.04478839794999997,0.0482812050999999
positive_uniform,openmp,mixed_fp32_fp64,2.0,1000000,8,0.000434767,0.0005738899999999,0.0005730701249999376,0.0001248942968370258,0.0004715437499999,0.000626716749999975,0.000439871749999965,0.0007518282999999649
positive_uniform,openmp,mixed_fp32_fp64,2.0,1919384,8,0.001262925,0.0015127205000000001,0.00166185274999995,0.0004427805954006326,0.0014749109999999,0.001684247999999925,0.001320248699999965,0.0023553608999999347
positive_uniform,openmp,mixed_fp32_fp64,2.0,3684032,8,0.0021309609999999,0.00236444949999995,0.0025540691249999127,0.000649648263075692,0.0022460889999999,0.0024826644999999,0.0021602076999999,0.003556859699999899
positive_uniform,openmp,mixed_fp32_fp64,2.0,7071068,8,0.003954878,0.0042583854999999,0.00438157974999995,0.0004925308454450353,0.004018664249999925,0.004500896249999925,0.00396636115,0.0051717870499999995
positive_uniform,openmp,mixed_fp32_fp64,2.0,13572088,8,0.0072020349999999,0.0077987115000000004,0.00779504949999995,0.0005176181294793905,0.0072963232499999,0.008197567499999975,0.0072118080499999,0.008451766999999966
positive_uniform,openmp,mixed_fp32_fp64,2.0,26050038,8,0.013682031,0.014970388500000001,0.014969836749999988,0.0012529980033566175,0.013997683749999925,0.015171437,0.01373576615,0.0169044125
positive_uniform,openmp,mixed_fp32_fp64,2.0,50000000,8,0.025878364,0.0265240975,0.02729651812499999,0.002045528893424666,0.0261377245,0.02753328,0.02594609845,0.030525093899999935
positive_uniform,openmp,mixed_fp32_fp64,4.0,1000000,8,0.000352315,0.00040524549999995,0.00039860137499997503,3.632892450507967e-05,0.00036591625,0.00042833424999997504,0.0003535057,0.000438544199999965
positive_uniform,openmp,mixed_fp32_fp64,4.0,1919384,8,0.0007084469999999,0.00089062199999995,0.0009688802499999375,0.00028675633780256277,0.0007912797499999751,0.0010029522499999,0.0007330680999999,0.0014334034499999648
positive_uniform,openmp,mixed_fp32_fp64,4.0,3684032,8,0.0015107479999999,0.01257078299999995,0.01288648362499995,0.010970402371792783,0.002288375749999925,0.019978532749999976,0.001516881049999935,0.02777767169999996
positive_uniform,openmp,mixed_fp32_fp64,4.0,7071068,8,0.002345723,0.0027829724999999,0.00367733174999995,0.002314196246172885,0.0026689285,0.003276253749999975,0.0024384387,0.007378719699999897
positive_uniform,openmp,mixed_fp32_fp64,4.0,13572088,8,0.004772054,0.005647938,0.005726322999999975,0.0007831767951233756,0.005180575749999975,0.0060811407499999255,0.004892417249999966,0.0068451523999999994
positive_uniform,openmp,mixed_fp32_fp64,4.0,26050038,8,0.008786553,0.00953874499999995,0.011748932374999976,0.004372785752799906,0.009026406249999975,0.01286206375,0.008788036999999966,0.018973837849999998
positive_uniform,openmp,mixed_fp32_fp64,4.0,50000000,8,0.016989549,0.018094352999999903,0.02026206337499995,0.0043301575397715845,0.01747340175,0.021442576249999925,0.0171588111,0.027464835699999933
positive_uniform,openmp,mixed_fp32_fp64,8.0,1000000,8,0.0002444489999999,0.00029762749999995004,0.00037082137499993753,0.00013183916624968144,0.000281050249999975,0.000509566249999925,0.0002478653499999,0.000542493249999935
positive_uniform,openmp,mixed_fp32_fp64,8.0,1919384,8,0.0085383109999999,0.01417972849999995,0.01357698099999995,0.004334073267323991,0.009123121750000001,0.016801776249999976,0.008668156799999934,0.0188671767499999
positive_uniform,openmp,mixed_fp32_fp64,8.0,3684032,8,0.0056167889999999,0.01692600399999995,0.015728509499999974,0.005849184029672707,0.012700201000000001,0.017988438500000002,0.0075661636999999355,0.02311673935
positive_uniform,openmp,mixed_fp32_fp64,8.0,7071068,8,0.0080529199999999,0.014294632,0.01331348324999995,0.004192425396187746,0.009357064499999899,0.016171754999999927,0.0080904588999999,0.01824326075
positive_uniform,openmp,mixed_fp32_fp64,8.0,13572088,8,0.0067989779999999,0.01092084599999995,0.012220010249999951,0.004650507862816803,0.009031803999999925,0.016148131749999975,0.006949328899999935,0.018525854699999966
positive_uniform,openmp,mixed_fp32_fp64,8.0,26050038,8,0.006871727,0.01458404299999995,0.01494502549999995,0.004633760353067999,0.013299513249999926,0.017570450749999977,0.00849452685,0.020983785549999898
positive_uniform,openmp,mixed_fp32_fp64,8.0,50000000,8,0.011771491,0.01552574,0.0180458035,0.006355933771024274,0.01319092775,0.0231208205,0.012009852900000001,0.0270489534
positive_uniform,openmp,mixed_fp32_fp64,16.0,1000000,8,0.014566523,0.017855964000000002,0.018573361499999948,0.003808033843545331,0.016433191999999923,0.0191508852499999,0.01499827355,0.024530930099999897
positive_uniform,openmp,mixed_fp32_fp64,16.0,1919384,8,0.0081737879999999,0.020489111,0.019410016874999964,0.0075933028836057855,0.0150184277499999,0.023996997250000002,0.0087366744499999,0.02866323225
positive_uniform,openmp,mixed_fp32_fp64,16.0,3684032,8,0.0168051869999999,0.021245061000000003,0.02018679699999996,0.002514062917643183,0.017512955,0.021820596749999924,0.017031124599999933,0.022890963649999933
positive_uniform,openmp,mixed_fp32_fp64,16.0,7071068,8,0.0063067169999999,0.017447345500000003,0.017194079624999987,0.006651736600683186,0.01377271875,0.020226473000000002,0.008175081749999936,0.02616556355
positive_uniform,openmp,mixed_fp32_fp64,16.0,13572088,8,0.0146877339999999,0.020751890499999953,0.02043315149999996,0.003649601362913403,0.017765520499999975,0.02290551075,0.015589604549999901,0.0250061511
positive_uniform,openmp,mixed_fp32_fp64,16.0,26050038,8,0.013547059,0.020348305499999948,0.020155867749999976,0.004918415231502334,0.0163955895,0.024325677999999927,0.01397972795,0.02579005145
positive_uniform,openmp,mixed_fp32_fp64,16.0,50000000,8,0.016353217,0.026720253,0.027496120874999988,0.00695892096711174,0.024047150749999923,0.030066778750000002,0.01891206735,0.037568145149999996
positive_uniform,openmp,mixed_fp32_fp64,22.0,1000000,8,0.0086550419999999,0.023619300000000003,0.023072093124999977,0.008618711217235172,0.018952380249999977,0.030074108250000002,0.0105403351999999,0.0324254386
positive_uniform,openmp,mixed_fp32_fp64,22.0,1919384,8,0.008798105,0.02660400849999995,0.023923141249999964,0.00846505948208503,0.018963340749999974,0.030794797499999978,0.011205100499999964,0.031601357549999966
positive_uniform,openmp,mixed_fp32_fp64,22.0,3684032,8,0.017617871,0.0230617605,0.023496217,0.003641552821633768,0.021622519,0.02522117075,0.0189863136,0.0285648582
positive_uniform,openmp,mixed_fp32_fp64,22.0,7071068,8,0.011310413,0.02273707299999995,0.022426429499999963,0.007336252636668104,0.017979587749999925,0.02767762675,0.0125113505,0.031348351599999935
positive_uniform,openmp,mixed_fp32_fp64,22.0,13572088,8,0.018767563,0.0234642585,0.024437437624999975,0.005191806379665832,0.02008702675,0.0291233689999999,0.018990920050000002,0.030794721899999964
positive_uniform,openmp,mixed_fp32_fp64,22.0,26050038,8,0.01499608,0.0269490074999999,0.025659968624999963,0.006198089687097794,0.0209810905,0.030923202999999976,0.0169634734,0.032082075999999966
positive_uniform,openmp,mixed_fp32_fp64,22.0,50000000,8,0.0168103959999999,0.020771494999999897,0.023827630374999926,0.00695954047958869,0.019659861249999924,0.027091430749999975,0.017347783899999934,0.0347446786499999
positive_uniform,serial,mixed_fp32_fp64,,1000000,8,0.001018003,0.0011896334999999501,0.0011991247499999625,0.0001704070592356896,0.001055319999999975,0.0012708547500000001,0.001020720399999965,0.001446746799999935
positive_uniform,serial,mixed_fp32_fp64,,1919384,8,0.001912246,0.00199378,0.0019942937499999877,4.861502641233705e-05,0.001965476249999925,0.00202640025,0.00192997805,0.00205542415
positive_uniform,serial,mixed_fp32_fp64,,3684032,8,0.0037521529999999,0.0038519979999999503,0.00389442949999995,0.0001504086569611354,0.0038105785,0.003925247499999925,0.0037557320999999353,0.004136778449999935
positive_uniform,serial,mixed_fp32_fp64,,7071068,8,0.007146541,0.0073426429999999005,0.008390063999999963,0.001946543825161498,0.00717806375,0.008729687999999925,0.00714720495,0.01164993435
positive_uniform,serial,mixed_fp32_fp64,,13572088,8,0.012755023,0.0131946999999999,0.013300105124999963,0.0005382400764046715,0.01283966425,0.01356569475,0.012783829750000001,0.014101185849999935
positive_uniform,serial,mixed_fp32_fp64,,26050038,8,0.023353932,0.02412758199999995,0.024479973999999974,0.0011041093766658472,0.02398287625,0.024468558749999925,0.0235712309,0.0262850013
positive_uniform,serial,mixed_fp32_fp64,,50000000,8,0.044672294,0.04626327599999995,0.04724849724999994,0.0027060193438011595,0.04553807299999993,0.0482457324999999,0.0447609329,0.0515155993999999
