precision,threads,n,n_obs,q25,median,q75,q05,q95,min,max
fp64,1.0,1000000,12,0.0,0.0,0.0,0.0,0.0,0.0,0.0
fp64,1.0,1919384,12,0.0,0.0,0.0,0.0,0.0,0.0,0.0
fp64,1.0,3684032,12,0.0,0.0,0.0,0.0,0.0,0.0,0.0
fp64,1.0,7071068,12,0.0,0.0,0.0,0.0,0.0,0.0,0.0
fp64,1.0,13572088,12,0.0,0.0,0.0,0.0,0.0,0.0,0.0
fp64,1.0,26050038,12,0.0,0.0,0.0,0.0,0.0,0.0,0.0
fp64,1.0,50000000,12,0.0,0.0,0.0,0.0,0.0,0.0,0.0
fp64,2.0,1000000,12,5.09290903807592e-15,1.629377571096738e-14,3.171125359345587e-14,3.1449792366203355e-15,5.578921645217379e-14,3.1446737086559214e-15,6.578294796136592e-14
fp64,2.0,1919384,12,2.0943627603909343e-14,2.7965840253034533e-14,3.4710490571699575e-14,1.3657192938659854e-14,5.31487454457082e-14,1.0195002345007649e-14,5.4060866145238116e-14
fp64,2.0,3684032,12,1.112218730338589e-14,3.222413366856493e-14,6.029083769975322e-14,3.5339524833540308e-15,9.5585167765153e-14,2.9092149777348377e-15,1.1800791013697705e-13
fp64,2.0,7071068,12,4.22817986466211e-14,8.027547061857838e-14,1.0057623299991226e-13,7.742102323695757e-15,1.3238280916665617e-13,6.583951996482583e-15,1.3744926311723826e-13
fp64,2.0,13572088,12,2.1173203287909754e-14,5.5718764084500025e-14,1.225114729275015e-13,3.786676139293946e-15,1.6130401137303076e-13,1.3719310721271281e-15,1.9512655534332799e-13
fp64,2.0,26050038,12,3.836119991607335e-14,8.673422687537768e-14,1.6034708555816065e-13,2.146622826778206e-14,2.1917533853129734e-13,1.5015550849768987e-14,2.2089318227999226e-13
fp64,2.0,50000000,12,4.634468668711758e-14,8.843687722537009e-14,1.9057890260606887e-13,2.4601285232661315e-14,3.3836024364593713e-13,1.9518911727077176e-14,3.8843138966490845e-13
fp64,4.0,1000000,12,1.0129393974622744e-14,2.3393941383542404e-14,3.1976954239724037e-14,4.2097577758845675e-15,6.523630750079148e-14,2.0950915572909235e-15,6.543427509231273e-14
fp64,4.0,1919384,12,1.2890835763426354e-14,2.323401521694056e-14,5.427620570394142e-14,7.991004718821775e-15,6.723658763510422e-14,6.789956490250791e-15,7.284863528815955e-14
fp64,4.0,3684032,12,3.0359128304470606e-14,3.968584203368876e-14,6.397025931358151e-14,1.6353390187924047e-14,9.298232746413659e-14,1.3020169975423604e-14,1.011316368481199e-13
fp64,4.0,7071068,12,3.615252950425885e-14,7.789416269221642e-14,1.137960699675645e-13,4.4175097044624815e-15,1.5867615104664135e-13,4.345408317678505e-15,1.837983470345397e-13
fp64,4.0,13572088,12,5.1138817012306346e-14,8.232866097426673e-14,1.0041129151799385e-13,1.4669689602678648e-14,1.1505767818871284e-13,8.785971121651038e-15,1.1597872644757614e-13
fp64,4.0,26050038,12,4.240073177776825e-14,7.372161749213651e-14,1.9591025729051232e-13,1.4162352767368444e-14,2.2949867067433146e-13,1.3294339300886784e-14,2.3492103829818826e-13
fp64,4.0,50000000,12,8.005315093286024e-14,1.513876328197636e-13,2.0864768385648882e-13,1.4761059521625022e-14,2.804750679129593e-13,7.300776739053995e-15,2.823761183566426e-13
fp64,8.0,1000000,12,6.2869112829321826e-15,1.9262354833896725e-14,3.3489896450755144e-14,4.131982324973323e-16,6.272690517366682e-14,3.4918108134715427e-16,6.495792197027783e-14
fp64,8.0,1919384,12,1.9170401788764575e-14,2.917986101019159e-14,5.426634897785132e-14,5.33537068540112e-15,6.157916111782146e-14,5.334965813768478e-15,6.230315896524794e-14
fp64,8.0,3684032,12,2.197233102679766e-14,5.523030341973287e-14,6.618243617174848e-14,8.06700929224602e-15,9.09800187452191e-14,4.8035578550106495e-15,1.0656746232870633e-13
fp64,8.0,7071068,12,4.279848248164357e-14,6.854768457431273e-14,1.2482839018988557e-13,9.785073173074337e-15,1.5536371980590224e-13,7.903676854226253e-15,1.7629368673298618e-13
fp64,8.0,13572088,12,5.214012137657842e-14,7.388159119854701e-14,1.0249345917695464e-13,1.1071274877724447e-14,1.150051342790892e-13,1.7837136206551065e-15,1.1800902784476938e-13
fp64,8.0,26050038,12,4.562274180315861e-14,5.762344278206398e-14,1.6867639979718377e-13,2.1758070556120414e-14,1.8608801692853848e-13,3.4321259085186257e-15,2.0189822716586254e-13
fp64,8.0,50000000,12,8.430670120327757e-14,1.4058850525075704e-13,2.284446616905555e-13,2.637361902198998e-14,2.897223732713299e-13,1.4899544365416314e-14,2.956050088364994e-13
fp64,16.0,1000000,12,4.979730225698634e-15,1.8855017100433027e-14,3.060934110137189e-14,3.7420631410174e-15,5.976587084952459e-14,2.909842344559619e-15,6.065067624823432e-14
fp64,16.0,1919384,12,1.871529075706447e-14,2.5885991339097928e-14,5.271775583306801e-14,9.330586957831917e-15,5.685955189849303e-14,7.397223149649733e-15,5.696981461802827e-14
fp64,16.0,3684032,12,1.674363709698528e-14,5.711806900143845e-14,6.670465945527538e-14,6.187265535041429e-15,9.260521926108679e-14,2.7799506487373327e-15,1.0201653867054095e-13
fp64,16.0,7071068,12,4.9085784187676715e-14,7.03221328380176e-14,1.1797967511375683e-13,1.89639825937052e-15,1.5278977914790543e-13,1.3172794757043756e-15,1.7234386552164222e-13
fp64,16.0,13572088,12,4.3876523368657294e-14,8.396568108298364e-14,1.0005862424788057e-13,1.0658102997913341e-14,1.1142999361215612e-13,7.409271962721214e-15,1.1526463184837937e-13
fp64,16.0,26050038,12,4.4546137442748535e-14,7.269673981498136e-14,1.5781302727445865e-13,2.6655990560559286e-14,1.9602525501223684e-13,1.1869435433626914e-14,2.0547291249103717e-13
fp64,16.0,50000000,12,7.742054461734767e-14,1.191980470118495e-13,1.9114597393893089e-13,1.678554839856412e-14,2.808928503452552e-13,1.4899544365416315e-16,3.058856265833333e-13
fp64,22.0,1000000,12,4.600736621967126e-15,1.856400028037342e-14,3.1133096879024564e-14,3.7711612546780636e-15,6.215596981425476e-14,3.259023425906773e-15,6.297891717906865e-14
fp64,22.0,1919384,12,1.932192787000507e-14,2.8756505462857106e-14,5.302564001313113e-14,6.559899167873472e-15,5.662158263151582e-14,5.093170037463751e-15,5.676933694614601e-14
fp64,22.0,3684032,12,1.8829202557877e-14,5.579971137973878e-14,6.593311698488322e-14,8.42957996159123e-15,9.322416614431376e-14,7.458155616990221e-15,1.013844659402402e-13
fp64,22.0,7071068,12,4.6357081936791326e-14,7.144265257264096e-14,1.2061224536084335e-13,6.889019522920227e-15,1.5421040757187255e-13,2.1068646388744265e-15,1.7919022228797178e-13
fp64,22.0,13572088,12,4.157229743158651e-14,7.875214160071551e-14,1.0088649980262328e-13,1.1680228846690822e-14,1.139959674248043e-13,1.0016238023678676e-14,1.2130230304043733e-13
fp64,22.0,26050038,12,4.56181657034772e-14,8.200202726612045e-14,1.4848640359809193e-13,2.7178223490025042e-14,1.9194298029832913e-13,1.530156134214554e-14,1.967506802976111e-13
fp64,22.0,50000000,12,5.6741769761612776e-14,1.2330093511494373e-13,1.7769757454733705e-13,2.796839889022735e-14,2.8350024503188e-13,2.234931654812448e-15,3.142293163488797e-13
mixed_fp32_fp64,1.0,1000000,12,0.0,0.0,0.0,0.0,0.0,0.0,0.0
mixed_fp32_fp64,1.0,1919384,12,0.0,0.0,0.0,0.0,0.0,0.0,0.0
mixed_fp32_fp64,1.0,3684032,12,0.0,0.0,0.0,0.0,0.0,0.0,0.0
mixed_fp32_fp64,1.0,7071068,12,0.0,0.0,0.0,0.0,0.0,0.0,0.0
mixed_fp32_fp64,1.0,13572088,12,0.0,0.0,0.0,0.0,0.0,0.0,0.0
mixed_fp32_fp64,1.0,26050038,12,0.0,0.0,0.0,0.0,0.0,0.0,0.0
mixed_fp32_fp64,1.0,50000000,12,0.0,0.0,0.0,0.0,0.0,0.0,0.0
mixed_fp32_fp64,2.0,1000000,12,2.0343954394235238e-16,6.400876950413619e-16,1.2225602617346257e-15,6.401668647277821e-17,1.8280282516184256e-15,0.0,2.2129185357208334e-15
mixed_fp32_fp64,2.0,1919384,12,3.637202801115738e-16,1.5768708755545986e-15,2.848028563430409e-15,6.670953851197637e-17,4.221260606627118e-15,0.0,4.4868402710990175e-15
mixed_fp32_fp64,2.0,3684032,12,1.5475488526154988e-15,2.338210779115995e-15,5.435033522739817e-15,6.449346522711869e-16,8.24674493687367e-15,5.056123261557812e-16,8.592574732460845e-15
mixed_fp32_fp64,2.0,7071068,12,3.161191681795856e-15,6.38655735879229e-15,1.3166871739463525e-14,1.0206384228544315e-15,1.454060710474024e-14,6.583951996482582e-16,1.5407356386453548e-14
mixed_fp32_fp64,2.0,13572088,12,4.287934596234539e-15,6.65625737983284e-15,1.296615230130143e-14,2.3813174229812224e-15,2.9629383214440294e-14,1.0979769461274452e-15,3.9513073927454845e-14
mixed_fp32_fp64,2.0,26050038,12,1.6515598521082392e-14,3.6322331779120284e-14,4.0899364145699784e-14,8.921365845388073e-15,6.706983444652395e-14,2.001298389380806e-15,6.776912209462094e-14
mixed_fp32_fp64,2.0,50000000,12,3.0548324840133657e-14,4.499806490718847e-14,8.179888247195647e-14,9.58803180070766e-15,1.240760944399114e-13,6.555804044977356e-15,1.2966061935680688e-13
mixed_fp32_fp64,4.0,1000000,12,3.2008590800875236e-16,8.147299965892083e-16,1.2220920132779493e-15,6.399722604016994e-17,2.166500514832086e-15,0.0,2.6787961221883774e-15
mixed_fp32_fp64,4.0,1919384,12,3.337461143001839e-16,2.1826530352845933e-15,3.1539483959321624e-15,2.424251091726202e-16,4.0450760997057215e-15,2.424247430554394e-16,4.2436142614173e-15
mixed_fp32_fp64,4.0,3684032,12,1.295613602719956e-15,3.2227458786767707e-15,5.781670235142961e-15,3.9201100878092956e-16,6.952324367865844e-15,2.5275171506712447e-16,6.952517948041731e-15
mixed_fp32_fp64,4.0,7071068,12,4.017570138004225e-15,8.361419250140544e-15,9.582730807183428e-15,2.0408788640868422e-16,1.53105662996085e-14,1.3170192418413002e-16,2.001639462171743e-14
mixed_fp32_fp64,4.0,13572088,12,2.984434014404311e-15,6.9987987401020465e-15,1.5611257302744832e-14,2.2637076012894063e-16,2.8881772212993854e-14,0.0,3.5671525073396746e-14
mixed_fp32_fp64,4.0,26050038,12,1.4121749523005735e-14,2.4022751587659588e-14,4.5758402847303996e-14,2.9318776423535455e-15,6.994709641991642e-14,2.1446633567265927e-15,8.308636106272443e-14
mixed_fp32_fp64,4.0,50000000,12,2.0377159979190718e-14,4.089937954086801e-14,6.992386963956019e-14,1.5370132761015122e-14,1.337449939682744e-13,1.2667381765941155e-14,1.40964542461944e-13
mixed_fp32_fp64,8.0,1000000,12,3.2000629714808227e-16,8.147701446983684e-16,1.1929866279261714e-15,2.3263523366150927e-16,2.073336313389112e-15,2.3244857936878414e-16,2.32938793233772e-15
mixed_fp32_fp64,8.0,1919384,12,4.853474767472489e-16,2.000427361982797e-15,3.0938135319934506e-15,6.668707267210598e-17,4.286421253421185e-15,0.0,4.486106504926861e-15
mixed_fp32_fp64,8.0,3684032,12,1.3588378125496036e-15,3.2860333388924263e-15,6.160787745336808e-15,3.224428245307487e-16,7.38842629841523e-15,2.5275171506712447e-16,7.458155616990221e-15
mixed_fp32_fp64,8.0,7071068,12,4.7090426655784315e-15,8.229758543095745e-15,9.352010692271483e-15,1.2247049318150124e-15,1.550823271784271e-14,7.89938293777231e-16,1.948964739483013e-14
mixed_fp32_fp64,8.0,13572088,12,1.4068309148661846e-15,8.096719711280861e-15,1.3656578455368039e-14,5.625364752440771e-16,2.8181924171137274e-14,4.115832002344375e-16,3.6631912286911274e-14
mixed_fp32_fp64,8.0,26050038,12,1.1368836949729573e-14,2.5022011300790307e-14,4.7867597733777335e-14,2.1305026827140792e-15,6.647223772769936e-14,7.151924115733013e-16,7.851017594395131e-14
mixed_fp32_fp64,8.0,50000000,12,2.3094925765871283e-14,3.292809317585901e-14,7.626196841569233e-14,7.479956382431792e-15,1.3656219952867796e-13,3.874728540170236e-15,1.3737379904913841e-13
mixed_fp32_fp64,16.0,1000000,12,2.327953777446866e-16,8.148854991560377e-16,1.1639381380629186e-15,2.3259631279629275e-16,2.0616780578768893e-15,2.3244857936878414e-16,2.4458573289546054e-15
mixed_fp32_fp64,16.0,1919384,12,4.547813622170102e-16,2.0003613825218646e-15,3.3359334600778786e-15,1.333339747976725e-16,4.263319118864326e-15,0.0,4.728598748436421e-15
mixed_fp32_fp64,16.0,3684032,12,1.3904245122650685e-15,3.4124020526528986e-15,6.0665286691264034e-15,4.742782413911884e-16,7.570520794368783e-15,1.2637585753356226e-16,7.710974451464467e-15
mixed_fp32_fp64,16.0,7071068,12,5.400614390323229e-15,8.361434804217896e-15,9.022138639844675e-15,1.1851328730110748e-15,1.518555463865708e-14,1.1849074406658468e-15,1.909458697466465e-14
mixed_fp32_fp64,16.0,13572088,12,1.612508664608277e-15,8.439514934435901e-15,1.3828378486105146e-14,5.282536491940123e-16,2.8284850272701596e-14,0.0,3.635751594019282e-14
mixed_fp32_fp64,16.0,26050038,12,1.1726345352127417e-14,2.3808596020289025e-14,5.03343399064689e-14,1.7588706995740001e-15,6.711567281885119e-14,1.2873463408319425e-15,7.836717015898964e-14
mixed_fp32_fp64,16.0,50000000,12,2.2722957336273583e-14,3.113965836816623e-14,7.644836037709457e-14,5.967446997608872e-15,1.313842106365825e-13,1.7883362493093397e-15,1.3424489473240101e-13
mixed_fp32_fp64,22.0,1000000,12,3.2000629714808227e-16,8.730458344342406e-16,1.1929866279261714e-15,1.8022400758510435e-16,2.0616780578768893e-15,1.1639397540505128e-16,2.4458573289546054e-15
mixed_fp32_fp64,22.0,1919384,12,5.460779937533007e-16,2.121729364004476e-15,3.3061316882139953e-15,1.3337414534421197e-16,4.328846488700367e-15,0.0,4.728598748436421e-15
mixed_fp32_fp64,22.0,3684032,12,1.5484088212411108e-15,3.2860333388924263e-15,5.940143788783091e-15,6.007155615314723e-16,7.501019399602516e-15,2.5275171506712447e-16,7.710974451464467e-15
mixed_fp32_fp64,22.0,7071068,12,5.400614390323229e-15,8.163897081418642e-15,9.186708338322995e-15,1.1522688735137408e-15,1.517236325662632e-14,7.89938293777231e-16,1.922627378138648e-14
mixed_fp32_fp64,22.0,13572088,12,1.475061117418914e-15,8.30243752255233e-15,1.4034291605612701e-14,6.243398754878442e-16,2.822311109468995e-14,5.490117228287627e-16,3.6220317766833614e-14
mixed_fp32_fp64,22.0,26050038,12,1.1726345352127417e-14,2.3236617476830427e-14,4.969086999893618e-14,2.1805996603839655e-15,6.669387648523978e-14,1.0012693762026221e-15,7.865318172891295e-14
mixed_fp32_fp64,22.0,50000000,12,2.2909214382661143e-14,3.1512145256536464e-14,7.626201739972908e-14,6.67536581802274e-15,1.3225583398195933e-13,3.7257005193944574e-15,1.3618183549990513e-13
